"item","correct_sentence","incorrect_form_1","incorrect_form_2","incorrect_form_3","incorrect_sentence_1","incorrect_sentence_2","incorrect_sentence_3"
"648","Mae Cadno yn poeni bod am fod yn y tŷ ar ei phen ei hun.","pen","ben","mhen","Mae Cadno yn poeni bod am fod yn y tŷ ar ei pen ei hun.","Mae Cadno yn poeni bod am fod yn y tŷ ar ei ben ei hun.","Mae Cadno yn poeni bod am fod yn y tŷ ar ei mhen ei hun."
"1121","Ym mis Tachwedd 2011, fe ddaeth wyth gwaith yn fwy o bobl i siarad gyda Cyngor Ar Bopeth i drafod eu biliau tanwydd nag a ddaeth yn ystod Tachwedd 2010.","Chyngor","Gyngor","Nghyngor","Ym mis Tachwedd 2011, fe ddaeth wyth gwaith yn fwy o bobl i siarad gyda Chyngor Ar Bopeth i drafod eu biliau tanwydd nag a ddaeth yn ystod Tachwedd 2010.","Ym mis Tachwedd 2011, fe ddaeth wyth gwaith yn fwy o bobl i siarad gyda Gyngor Ar Bopeth i drafod eu biliau tanwydd nag a ddaeth yn ystod Tachwedd 2010.","Ym mis Tachwedd 2011, fe ddaeth wyth gwaith yn fwy o bobl i siarad gyda Nghyngor Ar Bopeth i drafod eu biliau tanwydd nag a ddaeth yn ystod Tachwedd 2010."
"1539","Hefyd yn ymddangos ar yr albwm mae Seckou Keita, y chwaraewr adnabyddus o Senegal, a Rowan Rheinigans, enillydd Gwobr Werin BBC Radio 2.","Gwerin","Ngwerin",NA,"Hefyd yn ymddangos ar yr albwm mae Seckou Keita, y chwaraewr adnabyddus o Senegal, a Rowan Rheinigans, enillydd Gwobr Gwerin BBC Radio 2.","Hefyd yn ymddangos ar yr albwm mae Seckou Keita, y chwaraewr adnabyddus o Senegal, a Rowan Rheinigans, enillydd Gwobr Ngwerin BBC Radio 2.",NA
"2321","Wnaeth hi chwerthin mor uchel.","Gwnaeth","Ngwnaeth",NA,"Gwnaeth hi chwerthin mor uchel.","Ngwnaeth hi chwerthin mor uchel.",NA
"3036","Gyda Chalan Gaeaf a Noson Tân Gwyllt wedi hen fynd heibio, yn naturiol, rydym yn dechrau meddwl am y Nadolig.","Calan","Galan","Nghalan","Gyda Calan Gaeaf a Noson Tân Gwyllt wedi hen fynd heibio, yn naturiol, rydym yn dechrau meddwl am y Nadolig.","Gyda Galan Gaeaf a Noson Tân Gwyllt wedi hen fynd heibio, yn naturiol, rydym yn dechrau meddwl am y Nadolig.","Gyda Nghalan Gaeaf a Noson Tân Gwyllt wedi hen fynd heibio, yn naturiol, rydym yn dechrau meddwl am y Nadolig."
"3265","Byddi ti'n lywydd.","llywydd",NA,NA,"Byddi ti'n llywydd.",NA,NA
"3811","Y mae'n hynod o ddiddorol i gael asesu'r wahanol fathau o ddamcaniaethau theatraidd a fodolir ers canrifoedd, a sut yr oedd yn datblygu wedi i nifer o ddigwyddiadau hanesyddol.","gwahanol","ngwahanol",NA,"Y mae'n hynod o ddiddorol i gael asesu'r gwahanol fathau o ddamcaniaethau theatraidd a fodolir ers canrifoedd, a sut yr oedd yn datblygu wedi i nifer o ddigwyddiadau hanesyddol.","Y mae'n hynod o ddiddorol i gael asesu'r ngwahanol fathau o ddamcaniaethau theatraidd a fodolir ers canrifoedd, a sut yr oedd yn datblygu wedi i nifer o ddigwyddiadau hanesyddol.",NA
"4109","Os am gymdeithasu yn Gymraeg beth am ymuno ag Adran neu Uwch Adran lle gellid wneud amrywiol weithgareddau yn wythnosol!","gwneud","ngwneud",NA,"Os am gymdeithasu yn Gymraeg beth am ymuno ag Adran neu Uwch Adran lle gellid gwneud amrywiol weithgareddau yn wythnosol!","Os am gymdeithasu yn Gymraeg beth am ymuno ag Adran neu Uwch Adran lle gellid ngwneud amrywiol weithgareddau yn wythnosol!",NA
"4280","Oes y Seintiau yw'r enw traddodiadol am y cyfnod ar ôl ymadawiad y Rhufeiniaid o Ynys Brydain pan ymledwyd Cristnogaeth gan genhadon brodorol ymhlith pobloedd Celtaidd Prydain ac Iwerddon.","Prydain","Mhrydain","Phrydain","Oes y Seintiau yw'r enw traddodiadol am y cyfnod ar ôl ymadawiad y Rhufeiniaid o Ynys Prydain pan ymledwyd Cristnogaeth gan genhadon brodorol ymhlith pobloedd Celtaidd Prydain ac Iwerddon.","Oes y Seintiau yw'r enw traddodiadol am y cyfnod ar ôl ymadawiad y Rhufeiniaid o Ynys Mhrydain pan ymledwyd Cristnogaeth gan genhadon brodorol ymhlith pobloedd Celtaidd Prydain ac Iwerddon.","Oes y Seintiau yw'r enw traddodiadol am y cyfnod ar ôl ymadawiad y Rhufeiniaid o Ynys Phrydain pan ymledwyd Cristnogaeth gan genhadon brodorol ymhlith pobloedd Celtaidd Prydain ac Iwerddon."
"5095","Coronodd ei yrfa focsio wych drwy ennill ei chweched ornest a deugain yn olynol.","gwych","ngwych",NA,"Coronodd ei yrfa focsio gwych drwy ennill ei chweched ornest a deugain yn olynol.","Coronodd ei yrfa focsio ngwych drwy ennill ei chweched ornest a deugain yn olynol.",NA
"5586","Gan mai pobl anaml ydym , yn preswylio parth bychan o Ynys Brydain.","Prydain","Mhrydain","Phrydain","Gan mai pobl anaml ydym , yn preswylio parth bychan o Ynys Prydain.","Gan mai pobl anaml ydym , yn preswylio parth bychan o Ynys Mhrydain.","Gan mai pobl anaml ydym , yn preswylio parth bychan o Ynys Phrydain."
"6094","Chymrodd hi monyn nhw.","Cymrodd","Gymrodd","Nghymrodd","Cymrodd hi monyn nhw.","Gymrodd hi monyn nhw.","Nghymrodd hi monyn nhw."
"6150","Mae cario ymlaen i fwynhau'r holl arian yna tra'n osgoi gwneud y gwaith (os galw beth maent yn ei wneud yn ""waith"") yn swnio fel trefniant cyfleus iawn i mi.","gwaith","ngwaith",NA,"Mae cario ymlaen i fwynhau'r holl arian yna tra'n osgoi gwneud y gwaith (os galw beth maent yn ei wneud yn ""gwaith"") yn swnio fel trefniant cyfleus iawn i mi.","Mae cario ymlaen i fwynhau'r holl arian yna tra'n osgoi gwneud y gwaith (os galw beth maent yn ei wneud yn ""ngwaith"") yn swnio fel trefniant cyfleus iawn i mi.",NA
"6269","Fydd fy nghyfnod i ar y bwrdd yn dod i ben cyn hir ond mae'r elusen yn mynd i gario mlaen ac yn mynd i fod yn ran mawr ohona fi am byth dwi'n meddwl.","rhan",NA,NA,"Fydd fy nghyfnod i ar y bwrdd yn dod i ben cyn hir ond mae'r elusen yn mynd i gario mlaen ac yn mynd i fod yn rhan mawr ohona fi am byth dwi'n meddwl.",NA,NA
"6496","Mae gymaint o rolau gwahanol o fewn pêl-droed, dim jest bod yn chwaraewr neu gefnogwr, ac mae'n hyfryd i weld y llwybr yna (o fynd i'r byd dyfarnu ar ôl chwarae'r gêm) yn cael y sylw hefyd.","cymaint","nghymaint","chymaint","Mae cymaint o rolau gwahanol o fewn pêl-droed, dim jest bod yn chwaraewr neu gefnogwr, ac mae'n hyfryd i weld y llwybr yna (o fynd i'r byd dyfarnu ar ôl chwarae'r gêm) yn cael y sylw hefyd.","Mae nghymaint o rolau gwahanol o fewn pêl-droed, dim jest bod yn chwaraewr neu gefnogwr, ac mae'n hyfryd i weld y llwybr yna (o fynd i'r byd dyfarnu ar ôl chwarae'r gêm) yn cael y sylw hefyd.","Mae chymaint o rolau gwahanol o fewn pêl-droed, dim jest bod yn chwaraewr neu gefnogwr, ac mae'n hyfryd i weld y llwybr yna (o fynd i'r byd dyfarnu ar ôl chwarae'r gêm) yn cael y sylw hefyd."
"7038","Mae rhai pethau i'w croesawu yn y maniffesto, fel ymestyn y Safonau i gyrff newydd, ond mae angen galwad glir am estyn Safonau i'r sector breifat, megis cwmnïau'r stryd fawr.","preifat","mhreifat","phreifat","Mae rhai pethau i'w croesawu yn y maniffesto, fel ymestyn y Safonau i gyrff newydd, ond mae angen galwad glir am estyn Safonau i'r sector preifat, megis cwmnïau'r stryd fawr.","Mae rhai pethau i'w croesawu yn y maniffesto, fel ymestyn y Safonau i gyrff newydd, ond mae angen galwad glir am estyn Safonau i'r sector mhreifat, megis cwmnïau'r stryd fawr.","Mae rhai pethau i'w croesawu yn y maniffesto, fel ymestyn y Safonau i gyrff newydd, ond mae angen galwad glir am estyn Safonau i'r sector phreifat, megis cwmnïau'r stryd fawr."
"25","Yn benodol, mae'r Cyngor yn awyddus i glywed gan wirfoddolwyr allai helpu trwy fynd â phlentyn allan am y diwrnod, mynd gyda theulu ar eu taith siopa wythnosol neu hyd yn oed gynnig gymorth yn y cartref teuluol.","cymorth","nghymorth","chymorth","Yn benodol, mae'r Cyngor yn awyddus i glywed gan wirfoddolwyr allai helpu trwy fynd â phlentyn allan am y diwrnod, mynd gyda theulu ar eu taith siopa wythnosol neu hyd yn oed gynnig cymorth yn y cartref teuluol.","Yn benodol, mae'r Cyngor yn awyddus i glywed gan wirfoddolwyr allai helpu trwy fynd â phlentyn allan am y diwrnod, mynd gyda theulu ar eu taith siopa wythnosol neu hyd yn oed gynnig nghymorth yn y cartref teuluol.","Yn benodol, mae'r Cyngor yn awyddus i glywed gan wirfoddolwyr allai helpu trwy fynd â phlentyn allan am y diwrnod, mynd gyda theulu ar eu taith siopa wythnosol neu hyd yn oed gynnig chymorth yn y cartref teuluol."
"208","Fel mae rhai sy'n fy nabod i'n bersonol yn gwbod, wnes i symud i fyw i Gaerdydd ar ddiwedd fis Medi eleni.","mis",NA,NA,"Fel mae rhai sy'n fy nabod i'n bersonol yn gwbod, wnes i symud i fyw i Gaerdydd ar ddiwedd mis Medi eleni.",NA,NA
"529","Wedi 20 mlynedd o ddatganoli, pam er mwyn popeth y mae Cymru'n dlotach o'i chymharu â gweddill y DU, nag a fu erioed?","cymharu","gymharu","nghymharu","Wedi 20 mlynedd o ddatganoli, pam er mwyn popeth y mae Cymru'n dlotach o'i cymharu â gweddill y DU, nag a fu erioed?","Wedi 20 mlynedd o ddatganoli, pam er mwyn popeth y mae Cymru'n dlotach o'i gymharu â gweddill y DU, nag a fu erioed?","Wedi 20 mlynedd o ddatganoli, pam er mwyn popeth y mae Cymru'n dlotach o'i nghymharu â gweddill y DU, nag a fu erioed?"
"546","Pa gantores bop Gymraeg a Chernyweg a fagwyd yn Despenser Street?","Cymraeg","Nghymraeg","Chymraeg","Pa gantores bop Cymraeg a Chernyweg a fagwyd yn Despenser Street?","Pa gantores bop Nghymraeg a Chernyweg a fagwyd yn Despenser Street?","Pa gantores bop Chymraeg a Chernyweg a fagwyd yn Despenser Street?"
"715","Mae Eryri yn le gwych i ddod i gerdded ac mae gennym rwydwaith o lwybrau ar gyfer pobl o bob gallu.","lle",NA,NA,"Mae Eryri yn lle gwych i ddod i gerdded ac mae gennym rwydwaith o lwybrau ar gyfer pobl o bob gallu.",NA,NA
"718","Byddech yn cael maddeuant am feddwl na all Eryri ond gael eu fwynhau yn iawn yn yr haf; wedi'r cyfan, dyna pan fydd y tywydd yn debygol o fod yn well (yn ddamcaniaethol o leiaf!).","mwynhau",NA,NA,"Byddech yn cael maddeuant am feddwl na all Eryri ond gael eu mwynhau yn iawn yn yr haf; wedi'r cyfan, dyna pan fydd y tywydd yn debygol o fod yn well (yn ddamcaniaethol o leiaf!).",NA,NA
"1874","Heibio i dafarn y Mulberry a safle garafanau foethus Aberconwy.","carafanau","ngharafanau","charafanau","Heibio i dafarn y Mulberry a safle carafanau foethus Aberconwy.","Heibio i dafarn y Mulberry a safle ngharafanau foethus Aberconwy.","Heibio i dafarn y Mulberry a safle charafanau foethus Aberconwy."
"1924","Mae'r fersiwn cyntaf hwn i'w weld yn y Llyfrgell Genedlaethol.","gweld","ngweld",NA,"Mae'r fersiwn cyntaf hwn i'w gweld yn y Llyfrgell Genedlaethol.","Mae'r fersiwn cyntaf hwn i'w ngweld yn y Llyfrgell Genedlaethol.",NA
"2316","Coronodd ei yrfa focsio wych drwy ennill ei chweched ornest a deugain yn olynol.","bocsio","mocsio",NA,"Coronodd ei yrfa bocsio wych drwy ennill ei chweched ornest a deugain yn olynol.","Coronodd ei yrfa mocsio wych drwy ennill ei chweched ornest a deugain yn olynol.",NA
"3568","Er enghraifft dyna i ni Gavin Williamson, pan oedd yn Weinidog Amddiffyn yn egluro wrthym syniad mor dda fyddai anfon llongau rhyfel i For De China yn dilyn Brexit.","Mor",NA,NA,"Er enghraifft dyna i ni Gavin Williamson, pan oedd yn Weinidog Amddiffyn yn egluro wrthym syniad mor dda fyddai anfon llongau rhyfel i Mor De China yn dilyn Brexit.",NA,NA
"3801","Nid yw'n cynnwys gormod o gymhlethdod nac amrywiadau llafar, felly mae'r dull yn addas i bron unrhyw ddysgwr cyhyd ag y gwŷr ychydig dermau gramadegol.","termau","nhermau","thermau","Nid yw'n cynnwys gormod o gymhlethdod nac amrywiadau llafar, felly mae'r dull yn addas i bron unrhyw ddysgwr cyhyd ag y gwŷr ychydig termau gramadegol.","Nid yw'n cynnwys gormod o gymhlethdod nac amrywiadau llafar, felly mae'r dull yn addas i bron unrhyw ddysgwr cyhyd ag y gwŷr ychydig nhermau gramadegol.","Nid yw'n cynnwys gormod o gymhlethdod nac amrywiadau llafar, felly mae'r dull yn addas i bron unrhyw ddysgwr cyhyd ag y gwŷr ychydig thermau gramadegol."
"4375","Dydy hyn ddim yn fater yn erbyn unigolion, mae'n egwyddor y dyliau staff sefydliad sy'n fonopoli gwladol fel Swyddfa'r Post, ddeall peth geiriau syml Cymraeg ac yn enwedig rhai sylfaenol yn eu busnes.","monopoli",NA,NA,"Dydy hyn ddim yn fater yn erbyn unigolion, mae'n egwyddor y dyliau staff sefydliad sy'n monopoli gwladol fel Swyddfa'r Post, ddeall peth geiriau syml Cymraeg ac yn enwedig rhai sylfaenol yn eu busnes.",NA,NA
"4906","Mewn partneriaeth â Chelfyddydau Rhyngwladol Cymru a gyda chefnogaeth Llywodraeth Cymru, mae'r Urdd yn falch iawn o gyhoeddi'r elfen ryngwladol newydd hon i'r Ysgoloriaeth ac yn ddiolchgar i Gelfyddydau Rhyngwladol Cymru am gydweithio er mwyn darparu cyfleoedd bythgofiadwy wrth feithrin talent ifanc Cymru.","Celfyddydau","Nghelfyddydau","Chelfyddydau","Mewn partneriaeth â Chelfyddydau Rhyngwladol Cymru a gyda chefnogaeth Llywodraeth Cymru, mae'r Urdd yn falch iawn o gyhoeddi'r elfen ryngwladol newydd hon i'r Ysgoloriaeth ac yn ddiolchgar i Celfyddydau Rhyngwladol Cymru am gydweithio er mwyn darparu cyfleoedd bythgofiadwy wrth feithrin talent ifanc Cymru.","Mewn partneriaeth â Chelfyddydau Rhyngwladol Cymru a gyda chefnogaeth Llywodraeth Cymru, mae'r Urdd yn falch iawn o gyhoeddi'r elfen ryngwladol newydd hon i'r Ysgoloriaeth ac yn ddiolchgar i Nghelfyddydau Rhyngwladol Cymru am gydweithio er mwyn darparu cyfleoedd bythgofiadwy wrth feithrin talent ifanc Cymru.","Mewn partneriaeth â Chelfyddydau Rhyngwladol Cymru a gyda chefnogaeth Llywodraeth Cymru, mae'r Urdd yn falch iawn o gyhoeddi'r elfen ryngwladol newydd hon i'r Ysgoloriaeth ac yn ddiolchgar i Chelfyddydau Rhyngwladol Cymru am gydweithio er mwyn darparu cyfleoedd bythgofiadwy wrth feithrin talent ifanc Cymru."
"5264","Mae'n offeryn cerdd hynafol y cyfeirir ato yn y Beibl, mewn hen lawysgrifau Cymraeg canoloesol a ffynonellau cynnar eraill, a cheir tystiolaeth archaeolegol sy'n dangos fod telynau i'w cael ym Mesopotamia yng nghyfnod gwareiddiad Sumer, rai milflynyddau Cyn Crist.","rhai",NA,NA,"Mae'n offeryn cerdd hynafol y cyfeirir ato yn y Beibl, mewn hen lawysgrifau Cymraeg canoloesol a ffynonellau cynnar eraill, a cheir tystiolaeth archaeolegol sy'n dangos fod telynau i'w cael ym Mesopotamia yng nghyfnod gwareiddiad Sumer, rhai milflynyddau Cyn Crist.",NA,NA
"5540","Pa gantores bop Gymraeg a Chernyweg a fagwyd yn Despenser St?","Cymraeg","Nghymraeg","Chymraeg","Pa gantores bop Cymraeg a Chernyweg a fagwyd yn Despenser St?","Pa gantores bop Nghymraeg a Chernyweg a fagwyd yn Despenser St?","Pa gantores bop Chymraeg a Chernyweg a fagwyd yn Despenser St?"
"5726","Ond mwynheais y gyngerdd, wrth gwrs – does dim teimlad gwell na chwarae darn gwych o gerddoriaeth i gynulleidfa.","cyngerdd","nghyngerdd","chyngerdd","Ond mwynheais y cyngerdd, wrth gwrs – does dim teimlad gwell na chwarae darn gwych o gerddoriaeth i gynulleidfa.","Ond mwynheais y nghyngerdd, wrth gwrs – does dim teimlad gwell na chwarae darn gwych o gerddoriaeth i gynulleidfa.","Ond mwynheais y chyngerdd, wrth gwrs – does dim teimlad gwell na chwarae darn gwych o gerddoriaeth i gynulleidfa."
"5823","Dalodd e mo'r bil.","Talodd","Nhalodd","Thalodd","Talodd e mo'r bil.","Nhalodd e mo'r bil.","Thalodd e mo'r bil."
"6049","Pinacl tua thair blynedd o waith caled gan wirfoddolwyr o'r ardal leol yw wythnos Eisteddfod yr Urdd.","tair","dair","nhair","Pinacl tua tair blynedd o waith caled gan wirfoddolwyr o'r ardal leol yw wythnos Eisteddfod yr Urdd.","Pinacl tua dair blynedd o waith caled gan wirfoddolwyr o'r ardal leol yw wythnos Eisteddfod yr Urdd.","Pinacl tua nhair blynedd o waith caled gan wirfoddolwyr o'r ardal leol yw wythnos Eisteddfod yr Urdd."
"6145","Ynys Môn yw un o'r llefydd mwyaf poblogaidd gan ymwelwyr sy'n dod i ogledd Cymru, yn bennaf oherwydd y milltiroedd o draethau a llwybrau arfordirol a cheir yno.","ceir","geir","ngheir","Ynys Môn yw un o'r llefydd mwyaf poblogaidd gan ymwelwyr sy'n dod i ogledd Cymru, yn bennaf oherwydd y milltiroedd o draethau a llwybrau arfordirol a ceir yno.","Ynys Môn yw un o'r llefydd mwyaf poblogaidd gan ymwelwyr sy'n dod i ogledd Cymru, yn bennaf oherwydd y milltiroedd o draethau a llwybrau arfordirol a geir yno.","Ynys Môn yw un o'r llefydd mwyaf poblogaidd gan ymwelwyr sy'n dod i ogledd Cymru, yn bennaf oherwydd y milltiroedd o draethau a llwybrau arfordirol a ngheir yno."
"6442","Bydd gradd yn y Gymraeg yn rhoi'r cyfle i mi wella fy hyder o ran ysgrifennu gan gynnig cyfleoedd i mi ar gyfer y dyfodol ac yn sicr bydd yr arian yn fy nghefnogi i dros y dair blynedd nesaf.","tair","nhair","thair","Bydd gradd yn y Gymraeg yn rhoi'r cyfle i mi wella fy hyder o ran ysgrifennu gan gynnig cyfleoedd i mi ar gyfer y dyfodol ac yn sicr bydd yr arian yn fy nghefnogi i dros y tair blynedd nesaf.","Bydd gradd yn y Gymraeg yn rhoi'r cyfle i mi wella fy hyder o ran ysgrifennu gan gynnig cyfleoedd i mi ar gyfer y dyfodol ac yn sicr bydd yr arian yn fy nghefnogi i dros y nhair blynedd nesaf.","Bydd gradd yn y Gymraeg yn rhoi'r cyfle i mi wella fy hyder o ran ysgrifennu gan gynnig cyfleoedd i mi ar gyfer y dyfodol ac yn sicr bydd yr arian yn fy nghefnogi i dros y thair blynedd nesaf."
"6538","Sylfaenol iawn oedd yr adnoddau yn y gwersyll ar y dechrau, er hynny doedd dim trafferth denu cenedlaethau o blant a phobl ifanc a dyrrai yno i gymryd rhan yng ngweithgareddau awyr agored ar Lyn Tegid, ar y mynyddoedd o gwmpas ac wrth gwrs i wneud ffrindiau newydd o bob cwr o Gymru.","Llyn",NA,NA,"Sylfaenol iawn oedd yr adnoddau yn y gwersyll ar y dechrau, er hynny doedd dim trafferth denu cenedlaethau o blant a phobl ifanc a dyrrai yno i gymryd rhan yng ngweithgareddau awyr agored ar Llyn Tegid, ar y mynyddoedd o gwmpas ac wrth gwrs i wneud ffrindiau newydd o bob cwr o Gymru.",NA,NA
"6548","Nid ydym wedi mynd ati i gyhoeddi cân ""Geltaidd"" draddodiadol.","traddodiadol","nhraddodiadol","thraddodiadol","Nid ydym wedi mynd ati i gyhoeddi cân ""Geltaidd"" traddodiadol.","Nid ydym wedi mynd ati i gyhoeddi cân ""Geltaidd"" nhraddodiadol.","Nid ydym wedi mynd ati i gyhoeddi cân ""Geltaidd"" thraddodiadol."
"6711","Cynnes braf felly ar bnawn o Wanwyn.","Gwanwyn","Ngwanwyn",NA,"Cynnes braf felly ar bnawn o Gwanwyn.","Cynnes braf felly ar bnawn o Ngwanwyn.",NA
"50","Angharad Lee, cyfarwyddwraig flaenllaw o fro'r Eisteddfod, sy'n gyfrifol am lwyfannu'r sioe, a hithau wedi gweithio ar nifer o brosiectau mawr yr Eisteddfod dros y blynyddoedd diwethaf.","blaenllaw","mlaenllaw",NA,"Angharad Lee, cyfarwyddwraig blaenllaw o fro'r Eisteddfod, sy'n gyfrifol am lwyfannu'r sioe, a hithau wedi gweithio ar nifer o brosiectau mawr yr Eisteddfod dros y blynyddoedd diwethaf.","Angharad Lee, cyfarwyddwraig mlaenllaw o fro'r Eisteddfod, sy'n gyfrifol am lwyfannu'r sioe, a hithau wedi gweithio ar nifer o brosiectau mawr yr Eisteddfod dros y blynyddoedd diwethaf.",NA
"182","Dyma'r bachgen y cafodd ei thad ei ladd.","tad","dad","nhad","Dyma'r bachgen y cafodd ei tad ei ladd.","Dyma'r bachgen y cafodd ei dad ei ladd.","Dyma'r bachgen y cafodd ei nhad ei ladd."
"266","""Mae'n ymdriniaeth dawel a sensitif â'r hyn sydd yn rhaid ei wneud i helpu'r fam barhau i fyw'n urddasol wrth i'w chof hi ddadfeilio,"" meddai.","cof","gof","nghof","""Mae'n ymdriniaeth dawel a sensitif â'r hyn sydd yn rhaid ei wneud i helpu'r fam barhau i fyw'n urddasol wrth i'w cof hi ddadfeilio,"" meddai.","""Mae'n ymdriniaeth dawel a sensitif â'r hyn sydd yn rhaid ei wneud i helpu'r fam barhau i fyw'n urddasol wrth i'w gof hi ddadfeilio,"" meddai.","""Mae'n ymdriniaeth dawel a sensitif â'r hyn sydd yn rhaid ei wneud i helpu'r fam barhau i fyw'n urddasol wrth i'w nghof hi ddadfeilio,"" meddai."
"535","Cafodd y gyngerdd ei recordio – pe baech chi, am ryw reswm, eisiau gwrando ac esgus eich bod chi yno, croeso i chi wneud yma.","cyngerdd","nghyngerdd","chyngerdd","Cafodd y cyngerdd ei recordio – pe baech chi, am ryw reswm, eisiau gwrando ac esgus eich bod chi yno, croeso i chi wneud yma.","Cafodd y nghyngerdd ei recordio – pe baech chi, am ryw reswm, eisiau gwrando ac esgus eich bod chi yno, croeso i chi wneud yma.","Cafodd y chyngerdd ei recordio – pe baech chi, am ryw reswm, eisiau gwrando ac esgus eich bod chi yno, croeso i chi wneud yma."
"677","Cawsom ni'n tair groeso gwresog yng Ngaiman ac ar ein diwrnod cyntaf fe gawson ni asado, gwledd genedlaethol yr Ariannin, maent yn falch iawn ohono.","croeso","nghroeso","chroeso","Cawsom ni'n tair croeso gwresog yng Ngaiman ac ar ein diwrnod cyntaf fe gawson ni asado, gwledd genedlaethol yr Ariannin, maent yn falch iawn ohono.","Cawsom ni'n tair nghroeso gwresog yng Ngaiman ac ar ein diwrnod cyntaf fe gawson ni asado, gwledd genedlaethol yr Ariannin, maent yn falch iawn ohono.","Cawsom ni'n tair chroeso gwresog yng Ngaiman ac ar ein diwrnod cyntaf fe gawson ni asado, gwledd genedlaethol yr Ariannin, maent yn falch iawn ohono."
"704","Yr wahaniaeth rhwng eu gwaith nhw a gwaith Mendeleev oedd ei lwyddiant wrth ragfynegi priodweddau elfennau newydd.","gwahaniaeth","ngwahaniaeth",NA,"Yr gwahaniaeth rhwng eu gwaith nhw a gwaith Mendeleev oedd ei lwyddiant wrth ragfynegi priodweddau elfennau newydd.","Yr ngwahaniaeth rhwng eu gwaith nhw a gwaith Mendeleev oedd ei lwyddiant wrth ragfynegi priodweddau elfennau newydd.",NA
"888","Mae o newydd weithio.","gweithio","ngweithio",NA,"Mae o newydd gweithio.","Mae o newydd ngweithio.",NA
"1093","Mae Llety Arall, menter gymunedol yn Dre wedi trefnu gig i leddfu'r hiraeth sydd gan bobol yr ardal am yr Eisteddfod Genedlaethol.","cymunedol","nghymunedol","chymunedol","Mae Llety Arall, menter cymunedol yn Dre wedi trefnu gig i leddfu'r hiraeth sydd gan bobol yr ardal am yr Eisteddfod Genedlaethol.","Mae Llety Arall, menter nghymunedol yn Dre wedi trefnu gig i leddfu'r hiraeth sydd gan bobol yr ardal am yr Eisteddfod Genedlaethol.","Mae Llety Arall, menter chymunedol yn Dre wedi trefnu gig i leddfu'r hiraeth sydd gan bobol yr ardal am yr Eisteddfod Genedlaethol."
"1165","Oedd mrawd i'n sôn am hyn wrthot ti neithiwr.","brawd","frawd",NA,"Oedd brawd i'n sôn am hyn wrthot ti neithiwr.","Oedd frawd i'n sôn am hyn wrthot ti neithiwr.",NA
"1288","""Fe wyliais i araith y prif weinidog y prynhawn yma,"" meddai, cyn ychwanegu nad oedd ""eglurder mawr na manylion o unrhyw fath yn ei araith"".","gwyliais","ngwyliais",NA,"""Fe gwyliais i araith y prif weinidog y prynhawn yma,"" meddai, cyn ychwanegu nad oedd ""eglurder mawr na manylion o unrhyw fath yn ei araith"".","""Fe ngwyliais i araith y prif weinidog y prynhawn yma,"" meddai, cyn ychwanegu nad oedd ""eglurder mawr na manylion o unrhyw fath yn ei araith"".",NA
"1759","Mae'r chwith yn gywir i fynnu bod y mudiad cenedlaethol yng Nghymru'n bod yn ofalus a manwl ynghylch ei chynlluniau, ond maent wedi bod yn rhyfeddol o ddi-hid am fater mwyaf argyfyngus ein hanes diweddar.","cynlluniau","gynlluniau","nghynlluniau","Mae'r chwith yn gywir i fynnu bod y mudiad cenedlaethol yng Nghymru'n bod yn ofalus a manwl ynghylch ei cynlluniau, ond maent wedi bod yn rhyfeddol o ddi-hid am fater mwyaf argyfyngus ein hanes diweddar.","Mae'r chwith yn gywir i fynnu bod y mudiad cenedlaethol yng Nghymru'n bod yn ofalus a manwl ynghylch ei gynlluniau, ond maent wedi bod yn rhyfeddol o ddi-hid am fater mwyaf argyfyngus ein hanes diweddar.","Mae'r chwith yn gywir i fynnu bod y mudiad cenedlaethol yng Nghymru'n bod yn ofalus a manwl ynghylch ei nghynlluniau, ond maent wedi bod yn rhyfeddol o ddi-hid am fater mwyaf argyfyngus ein hanes diweddar."
"1813","Nid y fi oedd yn glaf ond fy Mam a Nhad, a dderbyniodd ddiagnosis canser o fewn misoedd i'w gilydd.","Tad","Dad","Thad","Nid y fi oedd yn glaf ond fy Mam a Tad, a dderbyniodd ddiagnosis canser o fewn misoedd i'w gilydd.","Nid y fi oedd yn glaf ond fy Mam a Dad, a dderbyniodd ddiagnosis canser o fewn misoedd i'w gilydd.","Nid y fi oedd yn glaf ond fy Mam a Thad, a dderbyniodd ddiagnosis canser o fewn misoedd i'w gilydd."
"2017","Roedd yr Uplands yn un o ardaloedd mwyaf llewyrchus y ddinas a gadwodd Thomas i ffwrdd o ardaloedd diwydiannol y ddinas.","cadwodd","nghadwodd","chadwodd","Roedd yr Uplands yn un o ardaloedd mwyaf llewyrchus y ddinas a cadwodd Thomas i ffwrdd o ardaloedd diwydiannol y ddinas.","Roedd yr Uplands yn un o ardaloedd mwyaf llewyrchus y ddinas a nghadwodd Thomas i ffwrdd o ardaloedd diwydiannol y ddinas.","Roedd yr Uplands yn un o ardaloedd mwyaf llewyrchus y ddinas a chadwodd Thomas i ffwrdd o ardaloedd diwydiannol y ddinas."
"2337","Phrynan nhw mono fo.","Prynan","Brynan","Mhrynan","Prynan nhw mono fo.","Brynan nhw mono fo.","Mhrynan nhw mono fo."
"2424","Ar wahân i'r pafiliwn mawr, bydd hefyd y Babell Len, y Babell Ddawns, Pabell y Cymdeithasau, y Lle Celf; a bydd nifer o stondinau gan gymdeithasau gwirfoddol, megis yr Urdd, Merched Wawr; bydd y pleidiau gwleidyddol ar y maes hefyd a busnesau.","Llen",NA,NA,"Ar wahân i'r pafiliwn mawr, bydd hefyd y Babell Llen, y Babell Ddawns, Pabell y Cymdeithasau, y Lle Celf; a bydd nifer o stondinau gan gymdeithasau gwirfoddol, megis yr Urdd, Merched Wawr; bydd y pleidiau gwleidyddol ar y maes hefyd a busnesau.",NA,NA
"2434","Mae ein harolwg diweddaraf o unigolion sydd â phrofiad byw yn dweud wrthym fod hunan-stigma wedi cynyddu'n sylweddol ymhlith y rhai sy'n dioddef o broblemau iechyd meddwl ers i'r cyfnod clo gael gymryd effaith yng Nghymru.","cymryd","nghymryd","chymryd","Mae ein harolwg diweddaraf o unigolion sydd â phrofiad byw yn dweud wrthym fod hunan-stigma wedi cynyddu'n sylweddol ymhlith y rhai sy'n dioddef o broblemau iechyd meddwl ers i'r cyfnod clo gael cymryd effaith yng Nghymru.","Mae ein harolwg diweddaraf o unigolion sydd â phrofiad byw yn dweud wrthym fod hunan-stigma wedi cynyddu'n sylweddol ymhlith y rhai sy'n dioddef o broblemau iechyd meddwl ers i'r cyfnod clo gael nghymryd effaith yng Nghymru.","Mae ein harolwg diweddaraf o unigolion sydd â phrofiad byw yn dweud wrthym fod hunan-stigma wedi cynyddu'n sylweddol ymhlith y rhai sy'n dioddef o broblemau iechyd meddwl ers i'r cyfnod clo gael chymryd effaith yng Nghymru."
"2506","Mae'n anodd meddwl am gyfnod mwy cyffrous, o safbwynt y farchnad waith, i raddedigion yn meddu ar gymhwyster da yn y Gymraeg.","gwaith","ngwaith",NA,"Mae'n anodd meddwl am gyfnod mwy cyffrous, o safbwynt y farchnad gwaith, i raddedigion yn meddu ar gymhwyster da yn y Gymraeg.","Mae'n anodd meddwl am gyfnod mwy cyffrous, o safbwynt y farchnad ngwaith, i raddedigion yn meddu ar gymhwyster da yn y Gymraeg.",NA
"2553","Ar ôl graddio mewn peirianneg gemegol, treuliodd wyth mlynedd yn gweithio yn y diwydiant olew yn yr Iseldiroedd ac yn y DU.","cemegol","nghemegol","chemegol","Ar ôl graddio mewn peirianneg cemegol, treuliodd wyth mlynedd yn gweithio yn y diwydiant olew yn yr Iseldiroedd ac yn y DU.","Ar ôl graddio mewn peirianneg nghemegol, treuliodd wyth mlynedd yn gweithio yn y diwydiant olew yn yr Iseldiroedd ac yn y DU.","Ar ôl graddio mewn peirianneg chemegol, treuliodd wyth mlynedd yn gweithio yn y diwydiant olew yn yr Iseldiroedd ac yn y DU."
"2598","Efallai na ddylwn fod wedi cynllunio gwers lawn ar ôl y sioe.","llawn",NA,NA,"Efallai na ddylwn fod wedi cynllunio gwers llawn ar ôl y sioe.",NA,NA
"2864","Roeddwn i'n ffodus iawn o gael fy newis o blith dros 100 o ymgeiswyr.","dewis","ddewis",NA,"Roeddwn i'n ffodus iawn o gael fy dewis o blith dros 100 o ymgeiswyr.","Roeddwn i'n ffodus iawn o gael fy ddewis o blith dros 100 o ymgeiswyr.",NA
"2877","Mae e'n grediniol bod yna gynulleidfa ar gyfer cynnwys da cyfrwng Cymraeg, ond nid ar ffurf gorsaf radio draddodiadol,  fformat fel Netflix lle gall y defnyddiwr ddewis a dethol sydd ei angen.","traddodiadol","nhraddodiadol","thraddodiadol","Mae e'n grediniol bod yna gynulleidfa ar gyfer cynnwys da cyfrwng Cymraeg, ond nid ar ffurf gorsaf radio traddodiadol,  fformat fel Netflix lle gall y defnyddiwr ddewis a dethol sydd ei angen.","Mae e'n grediniol bod yna gynulleidfa ar gyfer cynnwys da cyfrwng Cymraeg, ond nid ar ffurf gorsaf radio nhraddodiadol,  fformat fel Netflix lle gall y defnyddiwr ddewis a dethol sydd ei angen.","Mae e'n grediniol bod yna gynulleidfa ar gyfer cynnwys da cyfrwng Cymraeg, ond nid ar ffurf gorsaf radio thraddodiadol,  fformat fel Netflix lle gall y defnyddiwr ddewis a dethol sydd ei angen."
"2878","Y Gyngres Astudiaethau Celtaidd Ryngwladol yw'r prif gynulliad rhyngwladol ar gyfer ysgolheigion sy'n ymchwilio i ieithoedd, llenyddiaethau a thraddodiadau diwylliannol y bobloedd hynny sydd ac a fu'n siarad ieithoedd Celtaidd.","Rhyngwladol",NA,NA,"Y Gyngres Astudiaethau Celtaidd Rhyngwladol yw'r prif gynulliad rhyngwladol ar gyfer ysgolheigion sy'n ymchwilio i ieithoedd, llenyddiaethau a thraddodiadau diwylliannol y bobloedd hynny sydd ac a fu'n siarad ieithoedd Celtaidd.",NA,NA
"3261","Croesawyd aelodau'r cyhoedd i ddod i edrych ar wyfynnod megis y crwbach cleisiog (marbled brown) a'r crwbach gwelw a gafodd eu dal yn Nhŷ Hyll neithiwr.","gwyfynnod","ngwyfynnod",NA,"Croesawyd aelodau'r cyhoedd i ddod i edrych ar gwyfynnod megis y crwbach cleisiog (marbled brown) a'r crwbach gwelw a gafodd eu dal yn Nhŷ Hyll neithiwr.","Croesawyd aelodau'r cyhoedd i ddod i edrych ar ngwyfynnod megis y crwbach cleisiog (marbled brown) a'r crwbach gwelw a gafodd eu dal yn Nhŷ Hyll neithiwr.",NA
"3644","Fy nadl i wrth i ni ofyn wrth bobl fod yn rhan o'r drafodaeth am ddyfodol cyfansoddiadol Cymru ydi, pan na fyddwch chi eisiau edrych ar na thrafod ""ydan ni'n gallu 'neud pethau'n well yma yng Nghymru?""","dadl","ddadl",NA,"Fy dadl i wrth i ni ofyn wrth bobl fod yn rhan o'r drafodaeth am ddyfodol cyfansoddiadol Cymru ydi, pan na fyddwch chi eisiau edrych ar na thrafod ""ydan ni'n gallu 'neud pethau'n well yma yng Nghymru?""","Fy ddadl i wrth i ni ofyn wrth bobl fod yn rhan o'r drafodaeth am ddyfodol cyfansoddiadol Cymru ydi, pan na fyddwch chi eisiau edrych ar na thrafod ""ydan ni'n gallu 'neud pethau'n well yma yng Nghymru?""",NA
"3772","Mae eich amser wedi hen ddod i ben, Weinidog.","Gweinidog","Ngweinidog",NA,"Mae eich amser wedi hen ddod i ben, Gweinidog.","Mae eich amser wedi hen ddod i ben, Ngweinidog.",NA
"3779","Fel rwyf wedi dweud droeon ar y blog, bydd Rhagluniaeth, yn weddol reolaidd, yn gyrru pethau i geisio gwylltio'r Cymry a'u deffro i wneud rhywbeth ohoni.","rheolaidd",NA,NA,"Fel rwyf wedi dweud droeon ar y blog, bydd Rhagluniaeth, yn weddol rheolaidd, yn gyrru pethau i geisio gwylltio'r Cymry a'u deffro i wneud rhywbeth ohoni.",NA,NA
"3994","Maen nhw'n sefydlu ym Nolgellau.","Dolgellau","Ddolgellau",NA,"Maen nhw'n sefydlu ym Dolgellau.","Maen nhw'n sefydlu ym Ddolgellau.",NA
"4022","Offeryn cerdd gyda thannau a genir â'r bysedd yw telyn.","cenir","nghenir","chenir","Offeryn cerdd gyda thannau a cenir â'r bysedd yw telyn.","Offeryn cerdd gyda thannau a nghenir â'r bysedd yw telyn.","Offeryn cerdd gyda thannau a chenir â'r bysedd yw telyn."
"4659","Yng ngorllewin y parc mae'r Fforest Fawr a'r Mynydd Du, rhostir eang, ac yn y dwyrain y tu draw i Fannau Brycheiniog mae mynyddoedd o'r un enw, Mynydd Du, ar y ffin â Lloegr.","Bannau","Mannau",NA,"Yng ngorllewin y parc mae'r Fforest Fawr a'r Mynydd Du, rhostir eang, ac yn y dwyrain y tu draw i Bannau Brycheiniog mae mynyddoedd o'r un enw, Mynydd Du, ar y ffin â Lloegr.","Yng ngorllewin y parc mae'r Fforest Fawr a'r Mynydd Du, rhostir eang, ac yn y dwyrain y tu draw i Mannau Brycheiniog mae mynyddoedd o'r un enw, Mynydd Du, ar y ffin â Lloegr.",NA
"4962","Bydd sicrhau cyfradd lawer uwch o gartrefi mewn perchnogaeth cyhoeddus a chymunedol - drwy awdurdodau lleol, cymdeithasau tai, mentrau mewn perchnogaeth gymunedol a mentrau cydweithredol - hefyd yn dylanwadu'n gadarnhaol ar fforddiadwyedd yn y farchnad dai ehangach.","llawer",NA,NA,"Bydd sicrhau cyfradd llawer uwch o gartrefi mewn perchnogaeth cyhoeddus a chymunedol - drwy awdurdodau lleol, cymdeithasau tai, mentrau mewn perchnogaeth gymunedol a mentrau cydweithredol - hefyd yn dylanwadu'n gadarnhaol ar fforddiadwyedd yn y farchnad dai ehangach.",NA,NA
"5142","Ond ei phrif swmp o waith dros y blynyddoedd diwethaf, gwaith eto a roddodd bleser amheuthun iddi, oedd storïo a sgriptio Pobol y Cwm.","prif","brif","mhrif","Ond ei prif swmp o waith dros y blynyddoedd diwethaf, gwaith eto a roddodd bleser amheuthun iddi, oedd storïo a sgriptio Pobol y Cwm.","Ond ei brif swmp o waith dros y blynyddoedd diwethaf, gwaith eto a roddodd bleser amheuthun iddi, oedd storïo a sgriptio Pobol y Cwm.","Ond ei mhrif swmp o waith dros y blynyddoedd diwethaf, gwaith eto a roddodd bleser amheuthun iddi, oedd storïo a sgriptio Pobol y Cwm."
"5157","Os mai'r unig beth yr hoffech amdano mewn gwyliau yw torheulo yn heulwen boeth ar draeth, nid yw gaeaf yn Eryri yn ôl pob tebyg i chi.","poeth","mhoeth","phoeth","Os mai'r unig beth yr hoffech amdano mewn gwyliau yw torheulo yn heulwen poeth ar draeth, nid yw gaeaf yn Eryri yn ôl pob tebyg i chi.","Os mai'r unig beth yr hoffech amdano mewn gwyliau yw torheulo yn heulwen mhoeth ar draeth, nid yw gaeaf yn Eryri yn ôl pob tebyg i chi.","Os mai'r unig beth yr hoffech amdano mewn gwyliau yw torheulo yn heulwen phoeth ar draeth, nid yw gaeaf yn Eryri yn ôl pob tebyg i chi."
"5301","Mae gen i ddiddordeb angerddol yn y pwnc a'r holl sgiliau llenyddol a phroffesiynol bydd yn ei gynnig i mi.","fydd","mydd",NA,"Mae gen i ddiddordeb angerddol yn y pwnc a'r holl sgiliau llenyddol a phroffesiynol fydd yn ei gynnig i mi.","Mae gen i ddiddordeb angerddol yn y pwnc a'r holl sgiliau llenyddol a phroffesiynol mydd yn ei gynnig i mi.",NA
"5379","Fe glywais i'r bom yn gwneud sŵn cloncian o danon ni.","clywais","nghlywais","chlywais","Fe clywais i'r bom yn gwneud sŵn cloncian o danon ni.","Fe nghlywais i'r bom yn gwneud sŵn cloncian o danon ni.","Fe chlywais i'r bom yn gwneud sŵn cloncian o danon ni."
"5583","Dyma, felly, un o asidau mwynau a wyddwn amdano.","gwyddwn","ngwyddwn",NA,"Dyma, felly, un o asidau mwynau a gwyddwn amdano.","Dyma, felly, un o asidau mwynau a ngwyddwn amdano.",NA
"5819","Dywedodd Jeremy Parr o Gyfoeth Naturiol Cymru: ""Rydym yn bryderus yn enwedig am y rhagolygon o law sylweddol yn y de, yn enwedig mor fuan wedi Storm Dennis.","Cyfoeth","Nghyfoeth","Chyfoeth","Dywedodd Jeremy Parr o Cyfoeth Naturiol Cymru: ""Rydym yn bryderus yn enwedig am y rhagolygon o law sylweddol yn y de, yn enwedig mor fuan wedi Storm Dennis.","Dywedodd Jeremy Parr o Nghyfoeth Naturiol Cymru: ""Rydym yn bryderus yn enwedig am y rhagolygon o law sylweddol yn y de, yn enwedig mor fuan wedi Storm Dennis.","Dywedodd Jeremy Parr o Chyfoeth Naturiol Cymru: ""Rydym yn bryderus yn enwedig am y rhagolygon o law sylweddol yn y de, yn enwedig mor fuan wedi Storm Dennis."
"6079","Gobeithiaf y gwnewch ystyried ymestyn y cyfnod ymgynghori, Weinidog, i ganiatáu i'r ymateb ar lawr gwlad gael ei gyfleu, yn hytrach nag ymgynghori â'r mawrion yn unig.","Gweinidog","Ngweinidog",NA,"Gobeithiaf y gwnewch ystyried ymestyn y cyfnod ymgynghori, Gweinidog, i ganiatáu i'r ymateb ar lawr gwlad gael ei gyfleu, yn hytrach nag ymgynghori â'r mawrion yn unig.","Gobeithiaf y gwnewch ystyried ymestyn y cyfnod ymgynghori, Ngweinidog, i ganiatáu i'r ymateb ar lawr gwlad gael ei gyfleu, yn hytrach nag ymgynghori â'r mawrion yn unig.",NA
"6209","Disgwylir i nifer y disgyblion ysgol cynradd sy'n cael eu haddysgu drwy'r Wyddeleg gyrraedd y nifer uchaf erioed eleni.","chynradd","gynradd","nghynradd","Disgwylir i nifer y disgyblion ysgol chynradd sy'n cael eu haddysgu drwy'r Wyddeleg gyrraedd y nifer uchaf erioed eleni.","Disgwylir i nifer y disgyblion ysgol gynradd sy'n cael eu haddysgu drwy'r Wyddeleg gyrraedd y nifer uchaf erioed eleni.","Disgwylir i nifer y disgyblion ysgol nghynradd sy'n cael eu haddysgu drwy'r Wyddeleg gyrraedd y nifer uchaf erioed eleni."
"6364","Rhydd y dadansoddiad yma hefyd wybodaeth sylfaenol am amlder y gwahanol ddosbarthiadau geiriol, ffurfdroadau, treigliadau a nodweddion gramadegol eraill.","gwybodaeth","ngwybodaeth",NA,"Rhydd y dadansoddiad yma hefyd gwybodaeth sylfaenol am amlder y gwahanol ddosbarthiadau geiriol, ffurfdroadau, treigliadau a nodweddion gramadegol eraill.","Rhydd y dadansoddiad yma hefyd ngwybodaeth sylfaenol am amlder y gwahanol ddosbarthiadau geiriol, ffurfdroadau, treigliadau a nodweddion gramadegol eraill.",NA
"6386","Y bwriad yw adlewyrchu'r croeso cynnes i'r Eisteddfod yn yr ardal, a hynny gyda thros flwyddyn i fynd tan y Brifwyl ei hun.","tros","dros","nhros","Y bwriad yw adlewyrchu'r croeso cynnes i'r Eisteddfod yn yr ardal, a hynny gyda tros flwyddyn i fynd tan y Brifwyl ei hun.","Y bwriad yw adlewyrchu'r croeso cynnes i'r Eisteddfod yn yr ardal, a hynny gyda dros flwyddyn i fynd tan y Brifwyl ei hun.","Y bwriad yw adlewyrchu'r croeso cynnes i'r Eisteddfod yn yr ardal, a hynny gyda nhros flwyddyn i fynd tan y Brifwyl ei hun."
"6511","Brexit yw'r broses wleidyddol ryfeddaf i mi ei chofio erioed, ac efallai mai'r peth iachaf i ni gyd fyddai i ni roi'r gorau i geisio gwneud synnwyr o beth sy'n digwydd.","cofio","gofio","nghofio","Brexit yw'r broses wleidyddol ryfeddaf i mi ei cofio erioed, ac efallai mai'r peth iachaf i ni gyd fyddai i ni roi'r gorau i geisio gwneud synnwyr o beth sy'n digwydd.","Brexit yw'r broses wleidyddol ryfeddaf i mi ei gofio erioed, ac efallai mai'r peth iachaf i ni gyd fyddai i ni roi'r gorau i geisio gwneud synnwyr o beth sy'n digwydd.","Brexit yw'r broses wleidyddol ryfeddaf i mi ei nghofio erioed, ac efallai mai'r peth iachaf i ni gyd fyddai i ni roi'r gorau i geisio gwneud synnwyr o beth sy'n digwydd."
"6534","Ges i blentyndod hyfryd ac rwyf dal yn agos iawn at fy rhieni.","Ces","Nghes","Ches","Ces i blentyndod hyfryd ac rwyf dal yn agos iawn at fy rhieni.","Nghes i blentyndod hyfryd ac rwyf dal yn agos iawn at fy rhieni.","Ches i blentyndod hyfryd ac rwyf dal yn agos iawn at fy rhieni."
"6673","Sioe gerdd yn seiliedig ar yr hen chwedl Wyddelig am y tywysog Osian a Nia Ben Aur, y ferch o Dir Na n-Og, yw Nia Ben Aur.","Tir","Nhir","Thir","Sioe gerdd yn seiliedig ar yr hen chwedl Wyddelig am y tywysog Osian a Nia Ben Aur, y ferch o Tir Na n-Og, yw Nia Ben Aur.","Sioe gerdd yn seiliedig ar yr hen chwedl Wyddelig am y tywysog Osian a Nia Ben Aur, y ferch o Nhir Na n-Og, yw Nia Ben Aur.","Sioe gerdd yn seiliedig ar yr hen chwedl Wyddelig am y tywysog Osian a Nia Ben Aur, y ferch o Thir Na n-Og, yw Nia Ben Aur."
"6744","Mi gawson ni chwip o wythnos yn Nhregaron, ac mi fydd hi'n Eisteddfod fydd yn aros yn y cof yn hir iawn.","Tregaron","Dregaron","Thregaron","Mi gawson ni chwip o wythnos yn Tregaron, ac mi fydd hi'n Eisteddfod fydd yn aros yn y cof yn hir iawn.","Mi gawson ni chwip o wythnos yn Dregaron, ac mi fydd hi'n Eisteddfod fydd yn aros yn y cof yn hir iawn.","Mi gawson ni chwip o wythnos yn Thregaron, ac mi fydd hi'n Eisteddfod fydd yn aros yn y cof yn hir iawn."
"6899","O'dd y gath wedi 'nafu ei thro'd.","tro'd","dro'd","nhro'd","O'dd y gath wedi 'nafu ei tro'd.","O'dd y gath wedi 'nafu ei dro'd.","O'dd y gath wedi 'nafu ei nhro'd."
"6933","Ynddo, mynnodd y mudiad bod Swyddfa'r Post yn codi arwyddion gwbl ddwyieithog, annog staff i wneud mwy o ddefnydd o'r Gymraeg gyda chymorth Swyddfa'r Post, bod ffurflenni Cymraeg mor amlwg ac mor hawdd i'w derbyn â rhai Saesneg, a bod cwsmeriaid sy'n dewis defnyddio'r Gymraeg yn cael eu trin â pharch.","cwbl","nghwbl","chwbl","Ynddo, mynnodd y mudiad bod Swyddfa'r Post yn codi arwyddion cwbl ddwyieithog, annog staff i wneud mwy o ddefnydd o'r Gymraeg gyda chymorth Swyddfa'r Post, bod ffurflenni Cymraeg mor amlwg ac mor hawdd i'w derbyn â rhai Saesneg, a bod cwsmeriaid sy'n dewis defnyddio'r Gymraeg yn cael eu trin â pharch.","Ynddo, mynnodd y mudiad bod Swyddfa'r Post yn codi arwyddion nghwbl ddwyieithog, annog staff i wneud mwy o ddefnydd o'r Gymraeg gyda chymorth Swyddfa'r Post, bod ffurflenni Cymraeg mor amlwg ac mor hawdd i'w derbyn â rhai Saesneg, a bod cwsmeriaid sy'n dewis defnyddio'r Gymraeg yn cael eu trin â pharch.","Ynddo, mynnodd y mudiad bod Swyddfa'r Post yn codi arwyddion chwbl ddwyieithog, annog staff i wneud mwy o ddefnydd o'r Gymraeg gyda chymorth Swyddfa'r Post, bod ffurflenni Cymraeg mor amlwg ac mor hawdd i'w derbyn â rhai Saesneg, a bod cwsmeriaid sy'n dewis defnyddio'r Gymraeg yn cael eu trin â pharch."
"6964","Chwaraeodd ran bwysig yn hanes Rhufain.","rhan",NA,NA,"Chwaraeodd rhan bwysig yn hanes Rhufain.",NA,NA
"75","Enw ei fam oedd Angharad Jones a Saesneg oedd ei hiaith hi.","mam",NA,NA,"Enw ei mam oedd Angharad Jones a Saesneg oedd ei hiaith hi.",NA,NA
"94","Mae'n offeryn cerdd hynafol y cyfeirir ato yn y Beibl, mewn hen lawysgrifau Cymraeg canoloesol a ffynonellau cynnar eraill, a cheir tystiolaeth archaeolegol sy'n dangos fod telynau i'w cael ym Mesopotamia yng nghyfnod gwareiddiad Sumer, rai milflynyddau Cyn Crist.","bod","mod",NA,"Mae'n offeryn cerdd hynafol y cyfeirir ato yn y Beibl, mewn hen lawysgrifau Cymraeg canoloesol a ffynonellau cynnar eraill, a cheir tystiolaeth archaeolegol sy'n dangos bod telynau i'w cael ym Mesopotamia yng nghyfnod gwareiddiad Sumer, rai milflynyddau Cyn Crist.","Mae'n offeryn cerdd hynafol y cyfeirir ato yn y Beibl, mewn hen lawysgrifau Cymraeg canoloesol a ffynonellau cynnar eraill, a cheir tystiolaeth archaeolegol sy'n dangos mod telynau i'w cael ym Mesopotamia yng nghyfnod gwareiddiad Sumer, rai milflynyddau Cyn Crist.",NA
"130","Hyd yn oed os yr ydych yn dod i Fangor yn astudio gradd sengl, neu radd cyd-anrhydedd, y mae amrywiaeth o fodiwlau i ddewis rhyngddyn nhw.","gradd","ngradd",NA,"Hyd yn oed os yr ydych yn dod i Fangor yn astudio gradd sengl, neu gradd cyd-anrhydedd, y mae amrywiaeth o fodiwlau i ddewis rhyngddyn nhw.","Hyd yn oed os yr ydych yn dod i Fangor yn astudio gradd sengl, neu ngradd cyd-anrhydedd, y mae amrywiaeth o fodiwlau i ddewis rhyngddyn nhw.",NA
"148","Caiff Morgan ei adnabod am ambell i sylw dadleuol, sydd wedi arwain yn anochel at feirniadaeth gan ei wrthwynebwyr.","gwrthwynebwyr","ngwrthwynebwyr",NA,"Caiff Morgan ei adnabod am ambell i sylw dadleuol, sydd wedi arwain yn anochel at feirniadaeth gan ei gwrthwynebwyr.","Caiff Morgan ei adnabod am ambell i sylw dadleuol, sydd wedi arwain yn anochel at feirniadaeth gan ei ngwrthwynebwyr.",NA
"179","Dros y blynyddoedd dilynol, gweddnewidiwyd y neuadd llafn-rolio, y pwll nofio a'r neuadd chwaraeon, a daeth staff a oedd yn arbenigo mewn gweithgareddau awyr-agored fel dringo, cerdded afon, rafftio dŵr gwyn i Lan-llyn.","Glan-llyn","Nglan-llyn",NA,"Dros y blynyddoedd dilynol, gweddnewidiwyd y neuadd llafn-rolio, y pwll nofio a'r neuadd chwaraeon, a daeth staff a oedd yn arbenigo mewn gweithgareddau awyr-agored fel dringo, cerdded afon, rafftio dŵr gwyn i Glan-llyn.","Dros y blynyddoedd dilynol, gweddnewidiwyd y neuadd llafn-rolio, y pwll nofio a'r neuadd chwaraeon, a daeth staff a oedd yn arbenigo mewn gweithgareddau awyr-agored fel dringo, cerdded afon, rafftio dŵr gwyn i Nglan-llyn.",NA
"235","Mae ganddo fo wallt cyrliog.","gwallt","ngwallt",NA,"Mae ganddo fo gwallt cyrliog.","Mae ganddo fo ngwallt cyrliog.",NA
"388","Gallwch ddarllen y daflen ar lein neu ei phrintio, ac mae'n iawn printio digon o gopïau i'r holl ddosbarth.","phrintio","brintio","mhrintio","Gallwch ddarllen y daflen ar lein neu ei phrintio, ac mae'n iawn phrintio digon o gopïau i'r holl ddosbarth.","Gallwch ddarllen y daflen ar lein neu ei phrintio, ac mae'n iawn brintio digon o gopïau i'r holl ddosbarth.","Gallwch ddarllen y daflen ar lein neu ei phrintio, ac mae'n iawn mhrintio digon o gopïau i'r holl ddosbarth."
"428","Un o Faenclochog, Sir Benfro yw Rhinedd ac fe'i haddysgwyd yn Ysgol y Preseli, Crymych cyn graddio mewn Dyniaethau o Goleg y Drindod, Caerfyrddin, lle y bu wedyn yn Gofrestrydd y Coleg.","Maenclochog",NA,NA,"Un o Maenclochog, Sir Benfro yw Rhinedd ac fe'i haddysgwyd yn Ysgol y Preseli, Crymych cyn graddio mewn Dyniaethau o Goleg y Drindod, Caerfyrddin, lle y bu wedyn yn Gofrestrydd y Coleg.",NA,NA
"455","Fe welwch chi goeden fach hyfryd yn tyfu yng nghanol y llannerch yna.","gwelwch","ngwelwch",NA,"Fe gwelwch chi goeden fach hyfryd yn tyfu yng nghanol y llannerch yna.","Fe ngwelwch chi goeden fach hyfryd yn tyfu yng nghanol y llannerch yna.",NA
"496","Yn ôl rhagor o ddogfennau a ryddhawyd drwy geisiadau rhyddid gwybodaeth, ym mis Awst eleni anfonodd y Comisiynydd lythyr at Weinidog y Gymraeg yn brolio ei fod yn cynnal llai o ymchwiliadau i gwynion gan ddweud ei fod ""ddiolchgar"" i'r Gweinidog am ei ""harweiniad ar y mater"".","Gweinidog","Ngweinidog",NA,"Yn ôl rhagor o ddogfennau a ryddhawyd drwy geisiadau rhyddid gwybodaeth, ym mis Awst eleni anfonodd y Comisiynydd lythyr at Gweinidog y Gymraeg yn brolio ei fod yn cynnal llai o ymchwiliadau i gwynion gan ddweud ei fod ""ddiolchgar"" i'r Gweinidog am ei ""harweiniad ar y mater"".","Yn ôl rhagor o ddogfennau a ryddhawyd drwy geisiadau rhyddid gwybodaeth, ym mis Awst eleni anfonodd y Comisiynydd lythyr at Ngweinidog y Gymraeg yn brolio ei fod yn cynnal llai o ymchwiliadau i gwynion gan ddweud ei fod ""ddiolchgar"" i'r Gweinidog am ei ""harweiniad ar y mater"".",NA
"502","Ga' i ofyn rywbeth wrthot ti?","rhywbeth",NA,NA,"Ga' i ofyn rhywbeth wrthot ti?",NA,NA
"564","Dydw i ddim hyd yn oed yn disgwyl sgwrs Gymraeg.","Cymraeg","Nghymraeg","Chymraeg","Dydw i ddim hyd yn oed yn disgwyl sgwrs Cymraeg.","Dydw i ddim hyd yn oed yn disgwyl sgwrs Nghymraeg.","Dydw i ddim hyd yn oed yn disgwyl sgwrs Chymraeg."
"575","Paratowyd rhannau helaeth o'r canlynol gan grwp o naturiaethwyr Cymdeithas Edward Llwyd yn nechrau'r 1990au dan ochr rhagflaenydd Prosiect Llên Natur ar y pryd, sef Llên y Llysiau.","dechrau","ddechrau",NA,"Paratowyd rhannau helaeth o'r canlynol gan grwp o naturiaethwyr Cymdeithas Edward Llwyd yn dechrau'r 1990au dan ochr rhagflaenydd Prosiect Llên Natur ar y pryd, sef Llên y Llysiau.","Paratowyd rhannau helaeth o'r canlynol gan grwp o naturiaethwyr Cymdeithas Edward Llwyd yn ddechrau'r 1990au dan ochr rhagflaenydd Prosiect Llên Natur ar y pryd, sef Llên y Llysiau.",NA
"628","Tri pheth doeddet ti (efallai) ddim yn gwybod am astudio'r Gymraeg.","peth","beth","mheth","Tri peth doeddet ti (efallai) ddim yn gwybod am astudio'r Gymraeg.","Tri beth doeddet ti (efallai) ddim yn gwybod am astudio'r Gymraeg.","Tri mheth doeddet ti (efallai) ddim yn gwybod am astudio'r Gymraeg."
"653","Yn dilyn y gynhadledd hon, sefydlwyd Plaid Weriniaethol Cymru.","Gweriniaethol","Ngweriniaethol",NA,"Yn dilyn y gynhadledd hon, sefydlwyd Plaid Gweriniaethol Cymru.","Yn dilyn y gynhadledd hon, sefydlwyd Plaid Ngweriniaethol Cymru.",NA
"671","Yr ydym wedi cael dadl ganolbwyntiol ar fferyllfeydd yng Nghymru, ac mae'n flin gennyf eich bod wedi dod â chwestiwn mor ddadleuol ymlaen yn awr mewn ymgais i boliticeiddio'r mater.","politiceiddio","mholiticeiddio","pholiticeiddio","Yr ydym wedi cael dadl ganolbwyntiol ar fferyllfeydd yng Nghymru, ac mae'n flin gennyf eich bod wedi dod â chwestiwn mor ddadleuol ymlaen yn awr mewn ymgais i politiceiddio'r mater.","Yr ydym wedi cael dadl ganolbwyntiol ar fferyllfeydd yng Nghymru, ac mae'n flin gennyf eich bod wedi dod â chwestiwn mor ddadleuol ymlaen yn awr mewn ymgais i mholiticeiddio'r mater.","Yr ydym wedi cael dadl ganolbwyntiol ar fferyllfeydd yng Nghymru, ac mae'n flin gennyf eich bod wedi dod â chwestiwn mor ddadleuol ymlaen yn awr mewn ymgais i pholiticeiddio'r mater."
"728","Yn y gaeaf neu'r gwanwyn mae'r blodau'n ymddangos a gall eu lliwiau nhw amrywio: gwyn, pinc, porffor neu las.","glas","nglas",NA,"Yn y gaeaf neu'r gwanwyn mae'r blodau'n ymddangos a gall eu lliwiau nhw amrywio: gwyn, pinc, porffor neu glas.","Yn y gaeaf neu'r gwanwyn mae'r blodau'n ymddangos a gall eu lliwiau nhw amrywio: gwyn, pinc, porffor neu nglas.",NA
"730","Daw hyn yn dilyn cyhoeddi ystadegau'r cyfrifiad a oedd yn dangos fod canran siaradwyr Cymraeg wedi gostwng ers 2001, gan amlygu fod y degawd nesaf yn gyfnod allweddol i ddyfodol yr iaith.","bod","mod",NA,"Daw hyn yn dilyn cyhoeddi ystadegau'r cyfrifiad a oedd yn dangos fod canran siaradwyr Cymraeg wedi gostwng ers 2001, gan amlygu bod y degawd nesaf yn gyfnod allweddol i ddyfodol yr iaith.","Daw hyn yn dilyn cyhoeddi ystadegau'r cyfrifiad a oedd yn dangos fod canran siaradwyr Cymraeg wedi gostwng ers 2001, gan amlygu mod y degawd nesaf yn gyfnod allweddol i ddyfodol yr iaith.",NA
"926","Yn ôl rhagor o ddogfennau a ryddhawyd drwy geisiadau rhyddid gwybodaeth, ym mis Awst eleni anfonodd y Comisiynydd lythyr at Weinidog y Gymraeg yn brolio ei fod yn cynnal llai o ymchwiliadau i gwynion gan ddweud ei fod ""ddiolchgar"" i'r Gweinidog am ei ""harweiniad ar y mater"".","llythyr",NA,NA,"Yn ôl rhagor o ddogfennau a ryddhawyd drwy geisiadau rhyddid gwybodaeth, ym mis Awst eleni anfonodd y Comisiynydd llythyr at Weinidog y Gymraeg yn brolio ei fod yn cynnal llai o ymchwiliadau i gwynion gan ddweud ei fod ""ddiolchgar"" i'r Gweinidog am ei ""harweiniad ar y mater"".",NA,NA
"1012","Cyfrannodd Stad y Faenol gyrn i Fand Llanrug ym 1895, ond adeg y Streic ym 1901 fe gymron nhw'r cyrn yn ôl am ryw chwe mis!","cyrn","nghyrn","chyrn","Cyfrannodd Stad y Faenol cyrn i Fand Llanrug ym 1895, ond adeg y Streic ym 1901 fe gymron nhw'r cyrn yn ôl am ryw chwe mis!","Cyfrannodd Stad y Faenol nghyrn i Fand Llanrug ym 1895, ond adeg y Streic ym 1901 fe gymron nhw'r cyrn yn ôl am ryw chwe mis!","Cyfrannodd Stad y Faenol chyrn i Fand Llanrug ym 1895, ond adeg y Streic ym 1901 fe gymron nhw'r cyrn yn ôl am ryw chwe mis!"
"1050","Roedd Caerdydd yn dref fechan tan flynyddoedd cynnar y 19eg ganrif.","blynyddoedd","mlynyddoedd",NA,"Roedd Caerdydd yn dref fechan tan blynyddoedd cynnar y 19eg ganrif.","Roedd Caerdydd yn dref fechan tan mlynyddoedd cynnar y 19eg ganrif.",NA
"1085","Fodd bynnag, bum mis ers ei hagor, mae'r awdurdod wedi bygwth troi rhai o'r perchnogion busnes allan, onibai eu bod yn arwyddo cytundebau erbyn 17:00 ddydd Mercher.","pum","mhum","phum","Fodd bynnag, pum mis ers ei hagor, mae'r awdurdod wedi bygwth troi rhai o'r perchnogion busnes allan, onibai eu bod yn arwyddo cytundebau erbyn 17:00 ddydd Mercher.","Fodd bynnag, mhum mis ers ei hagor, mae'r awdurdod wedi bygwth troi rhai o'r perchnogion busnes allan, onibai eu bod yn arwyddo cytundebau erbyn 17:00 ddydd Mercher.","Fodd bynnag, phum mis ers ei hagor, mae'r awdurdod wedi bygwth troi rhai o'r perchnogion busnes allan, onibai eu bod yn arwyddo cytundebau erbyn 17:00 ddydd Mercher."
"1094","Dywedir yn aml taw rygbi'r undeb yw mabolgamp genedlaethol Cymru, er mae pêl-droed yn denu mwy o wylwyr i'r maes.","cenedlaethol","nghenedlaethol","chenedlaethol","Dywedir yn aml taw rygbi'r undeb yw mabolgamp cenedlaethol Cymru, er mae pêl-droed yn denu mwy o wylwyr i'r maes.","Dywedir yn aml taw rygbi'r undeb yw mabolgamp nghenedlaethol Cymru, er mae pêl-droed yn denu mwy o wylwyr i'r maes.","Dywedir yn aml taw rygbi'r undeb yw mabolgamp chenedlaethol Cymru, er mae pêl-droed yn denu mwy o wylwyr i'r maes."
"1113","Dadansoddwyd y corpws i gynhyrchu cyfrifon amlder geiriau yn eu ffurf grai yn ogystal â chyfrifon o lemata lle mae pob arwydd wedi ei ddad-dreiglo a'i dagio yn ôl ei wreiddyn.","tagio","nhagio","thagio","Dadansoddwyd y corpws i gynhyrchu cyfrifon amlder geiriau yn eu ffurf grai yn ogystal â chyfrifon o lemata lle mae pob arwydd wedi ei ddad-dreiglo a'i tagio yn ôl ei wreiddyn.","Dadansoddwyd y corpws i gynhyrchu cyfrifon amlder geiriau yn eu ffurf grai yn ogystal â chyfrifon o lemata lle mae pob arwydd wedi ei ddad-dreiglo a'i nhagio yn ôl ei wreiddyn.","Dadansoddwyd y corpws i gynhyrchu cyfrifon amlder geiriau yn eu ffurf grai yn ogystal â chyfrifon o lemata lle mae pob arwydd wedi ei ddad-dreiglo a'i thagio yn ôl ei wreiddyn."
"1120","Roedd wedi llwyddo i greu tywysogaeth Gymreig oedd yn rhydd o reolaeth brenin Lloegr.","Cymreig","Nghymreig","Chymreig","Roedd wedi llwyddo i greu tywysogaeth Cymreig oedd yn rhydd o reolaeth brenin Lloegr.","Roedd wedi llwyddo i greu tywysogaeth Nghymreig oedd yn rhydd o reolaeth brenin Lloegr.","Roedd wedi llwyddo i greu tywysogaeth Chymreig oedd yn rhydd o reolaeth brenin Lloegr."
"1172","Mewn partneriaeth â Chelfyddydau Rhyngwladol Cymru a gyda chefnogaeth Llywodraeth Cymru, mae'r Urdd yn falch iawn o gyhoeddi'r elfen ryngwladol newydd hon i'r Ysgoloriaeth ac yn ddiolchgar i Gelfyddydau Rhyngwladol Cymru am gydweithio er mwyn darparu cyfleoedd bythgofiadwy wrth feithrin talent ifanc Cymru.","Celfyddydau","Gelfyddydau","Nghelfyddydau","Mewn partneriaeth â Celfyddydau Rhyngwladol Cymru a gyda chefnogaeth Llywodraeth Cymru, mae'r Urdd yn falch iawn o gyhoeddi'r elfen ryngwladol newydd hon i'r Ysgoloriaeth ac yn ddiolchgar i Gelfyddydau Rhyngwladol Cymru am gydweithio er mwyn darparu cyfleoedd bythgofiadwy wrth feithrin talent ifanc Cymru.","Mewn partneriaeth â Gelfyddydau Rhyngwladol Cymru a gyda chefnogaeth Llywodraeth Cymru, mae'r Urdd yn falch iawn o gyhoeddi'r elfen ryngwladol newydd hon i'r Ysgoloriaeth ac yn ddiolchgar i Gelfyddydau Rhyngwladol Cymru am gydweithio er mwyn darparu cyfleoedd bythgofiadwy wrth feithrin talent ifanc Cymru.","Mewn partneriaeth â Nghelfyddydau Rhyngwladol Cymru a gyda chefnogaeth Llywodraeth Cymru, mae'r Urdd yn falch iawn o gyhoeddi'r elfen ryngwladol newydd hon i'r Ysgoloriaeth ac yn ddiolchgar i Gelfyddydau Rhyngwladol Cymru am gydweithio er mwyn darparu cyfleoedd bythgofiadwy wrth feithrin talent ifanc Cymru."
"1316","Ni phrynodd o ddigon o fara.","prynodd","brynodd","mhrynodd","Ni prynodd o ddigon o fara.","Ni brynodd o ddigon o fara.","Ni mhrynodd o ddigon o fara."
"1344","Fel y gwelwn ni methu ddaru bob plaid a dyna pam mae Teresa May yn ceisio gwneud cytundeb gyda'r 10 aelod o'r DUP er mwyn sicrhau ei gallu i reoli.","pob","mhob","phob","Fel y gwelwn ni methu ddaru pob plaid a dyna pam mae Teresa May yn ceisio gwneud cytundeb gyda'r 10 aelod o'r DUP er mwyn sicrhau ei gallu i reoli.","Fel y gwelwn ni methu ddaru mhob plaid a dyna pam mae Teresa May yn ceisio gwneud cytundeb gyda'r 10 aelod o'r DUP er mwyn sicrhau ei gallu i reoli.","Fel y gwelwn ni methu ddaru phob plaid a dyna pam mae Teresa May yn ceisio gwneud cytundeb gyda'r 10 aelod o'r DUP er mwyn sicrhau ei gallu i reoli."
"1387","Sut long ddaru ti deithio ynddi?","llong",NA,NA,"Sut llong ddaru ti deithio ynddi?",NA,NA
"1536","Gwnaeth fwy na neb, dybiwn i, i greu ymdeimlad o gymuned o feirdd.","mwy",NA,NA,"Gwnaeth mwy na neb, dybiwn i, i greu ymdeimlad o gymuned o feirdd.",NA,NA
"1609","Trwy gydol y daith, ry'n ni'n cael ein cymell i ystyried gwahanol ffyrdd o ymyrryd mewn gofodau cyhoeddus er mwyn gorfodi newid, i ystyried sut y gall protest fod yn theatr, a theatr yn brotest, a'r graddau y gall y dychymyg torfol fod yn arf, dim ots beth yw'r frwydr.","protest","mhrotest","phrotest","Trwy gydol y daith, ry'n ni'n cael ein cymell i ystyried gwahanol ffyrdd o ymyrryd mewn gofodau cyhoeddus er mwyn gorfodi newid, i ystyried sut y gall protest fod yn theatr, a theatr yn protest, a'r graddau y gall y dychymyg torfol fod yn arf, dim ots beth yw'r frwydr.","Trwy gydol y daith, ry'n ni'n cael ein cymell i ystyried gwahanol ffyrdd o ymyrryd mewn gofodau cyhoeddus er mwyn gorfodi newid, i ystyried sut y gall protest fod yn theatr, a theatr yn mhrotest, a'r graddau y gall y dychymyg torfol fod yn arf, dim ots beth yw'r frwydr.","Trwy gydol y daith, ry'n ni'n cael ein cymell i ystyried gwahanol ffyrdd o ymyrryd mewn gofodau cyhoeddus er mwyn gorfodi newid, i ystyried sut y gall protest fod yn theatr, a theatr yn phrotest, a'r graddau y gall y dychymyg torfol fod yn arf, dim ots beth yw'r frwydr."
"1687","Os ma' rhyddhau Y Platfform yn dymhorol wedi dysgu unrhyw beth i mi, hynny ydi for amser yn mynd mor sydyn mae e'n eitha sgêri.","mor",NA,NA,"Os ma' rhyddhau Y Platfform yn dymhorol wedi dysgu unrhyw beth i mi, hynny ydi mor amser yn mynd mor sydyn mae e'n eitha sgêri.",NA,NA
"1703","Yng ngogledd Affrica ceir enghreifftiau da ar yr arfordir yn Nhunisia ac Algeria.","Tunisia","Dunisia","Thunisia","Yng ngogledd Affrica ceir enghreifftiau da ar yr arfordir yn Tunisia ac Algeria.","Yng ngogledd Affrica ceir enghreifftiau da ar yr arfordir yn Dunisia ac Algeria.","Yng ngogledd Affrica ceir enghreifftiau da ar yr arfordir yn Thunisia ac Algeria."
"1717","Cadarnhaodd y Prif Weinidog y bydd yr Eisteddfod Genedlaethol, er enghraifft, yn derbyn yr un gefnogaeth ariannol â'r arfer, a hynny er na fydd Prifwyl draddodiadol yn cael ei chynnal yn Nhregaron eleni.","traddodiadol","nhraddodiadol","thraddodiadol","Cadarnhaodd y Prif Weinidog y bydd yr Eisteddfod Genedlaethol, er enghraifft, yn derbyn yr un gefnogaeth ariannol â'r arfer, a hynny er na fydd Prifwyl traddodiadol yn cael ei chynnal yn Nhregaron eleni.","Cadarnhaodd y Prif Weinidog y bydd yr Eisteddfod Genedlaethol, er enghraifft, yn derbyn yr un gefnogaeth ariannol â'r arfer, a hynny er na fydd Prifwyl nhraddodiadol yn cael ei chynnal yn Nhregaron eleni.","Cadarnhaodd y Prif Weinidog y bydd yr Eisteddfod Genedlaethol, er enghraifft, yn derbyn yr un gefnogaeth ariannol â'r arfer, a hynny er na fydd Prifwyl thraddodiadol yn cael ei chynnal yn Nhregaron eleni."
"1872","O ailenwi un dros Afon Hafren i ddymchwel hen un reilffordd yn Llangefni.","rheilffordd",NA,NA,"O ailenwi un dros Afon Hafren i ddymchwel hen un rheilffordd yn Llangefni.",NA,NA
"1907","Mae rhai pethau i'w croesawu yn y maniffesto, fel ymestyn y Safonau i gyrff newydd, ond mae angen galwad glir am estyn Safonau i'r sector breifat, megis cwmnïau'r stryd fawr.","clir","nghlir","chlir","Mae rhai pethau i'w croesawu yn y maniffesto, fel ymestyn y Safonau i gyrff newydd, ond mae angen galwad clir am estyn Safonau i'r sector breifat, megis cwmnïau'r stryd fawr.","Mae rhai pethau i'w croesawu yn y maniffesto, fel ymestyn y Safonau i gyrff newydd, ond mae angen galwad nghlir am estyn Safonau i'r sector breifat, megis cwmnïau'r stryd fawr.","Mae rhai pethau i'w croesawu yn y maniffesto, fel ymestyn y Safonau i gyrff newydd, ond mae angen galwad chlir am estyn Safonau i'r sector breifat, megis cwmnïau'r stryd fawr."
"2106","Ceir ymdeimlad bod pob ymgyrch wleidyddol yn gallu cael ei chamddefnyddio, hyd yn oed y rhai sy'n honni ewyllys da.","camddefnyddio","gamddefnyddio","nghamddefnyddio","Ceir ymdeimlad bod pob ymgyrch wleidyddol yn gallu cael ei camddefnyddio, hyd yn oed y rhai sy'n honni ewyllys da.","Ceir ymdeimlad bod pob ymgyrch wleidyddol yn gallu cael ei gamddefnyddio, hyd yn oed y rhai sy'n honni ewyllys da.","Ceir ymdeimlad bod pob ymgyrch wleidyddol yn gallu cael ei nghamddefnyddio, hyd yn oed y rhai sy'n honni ewyllys da."
"2155","Mae 'nhaith i'n dechrau, fel aml i un, drwy ddringo'n bwyllog drwy Ryduchaf a Llidiardau ar ffordd wledig yr Arenig; y mynydd hwnnw o 'mlaen i drwy'r amser, ac yna'r Aran i'w weld wrth edrych i'r chwith.","gweld","ngweld",NA,"Mae 'nhaith i'n dechrau, fel aml i un, drwy ddringo'n bwyllog drwy Ryduchaf a Llidiardau ar ffordd wledig yr Arenig; y mynydd hwnnw o 'mlaen i drwy'r amser, ac yna'r Aran i'w gweld wrth edrych i'r chwith.","Mae 'nhaith i'n dechrau, fel aml i un, drwy ddringo'n bwyllog drwy Ryduchaf a Llidiardau ar ffordd wledig yr Arenig; y mynydd hwnnw o 'mlaen i drwy'r amser, ac yna'r Aran i'w ngweld wrth edrych i'r chwith.",NA
"2237","Y rhaglen a wrandais arno.","gwrandais","ngwrandais",NA,"Y rhaglen a gwrandais arno.","Y rhaglen a ngwrandais arno.",NA
"2280","Roedd ei phortread didwyll o Delyth Haf yn hollbwysig i ferched yn eu harddegau yn y 1990au, ac yn gwbl newydd yn y Gymraeg, meddai'r gomediwraig Esyllt Sears.","comediwraig","nghomediwraig","chomediwraig","Roedd ei phortread didwyll o Delyth Haf yn hollbwysig i ferched yn eu harddegau yn y 1990au, ac yn gwbl newydd yn y Gymraeg, meddai'r comediwraig Esyllt Sears.","Roedd ei phortread didwyll o Delyth Haf yn hollbwysig i ferched yn eu harddegau yn y 1990au, ac yn gwbl newydd yn y Gymraeg, meddai'r nghomediwraig Esyllt Sears.","Roedd ei phortread didwyll o Delyth Haf yn hollbwysig i ferched yn eu harddegau yn y 1990au, ac yn gwbl newydd yn y Gymraeg, meddai'r chomediwraig Esyllt Sears."
"2281","Gan droi at y materion y gwnaethoch chi a Janet eu codi am rywedd a chynrychiolaeth fenywaidd, ceir llawer o dystiolaeth am yr hyn sydd wedi digwydd yn y sefydliad hwn, a chyflëwyd hynny gan Janet.","benywaidd","menywaidd",NA,"Gan droi at y materion y gwnaethoch chi a Janet eu codi am rywedd a chynrychiolaeth benywaidd, ceir llawer o dystiolaeth am yr hyn sydd wedi digwydd yn y sefydliad hwn, a chyflëwyd hynny gan Janet.","Gan droi at y materion y gwnaethoch chi a Janet eu codi am rywedd a chynrychiolaeth menywaidd, ceir llawer o dystiolaeth am yr hyn sydd wedi digwydd yn y sefydliad hwn, a chyflëwyd hynny gan Janet.",NA
"2326","Maen nhw'n byw yn Nhregaron.","Tregaron","Dregaron","Thregaron","Maen nhw'n byw yn Tregaron.","Maen nhw'n byw yn Dregaron.","Maen nhw'n byw yn Thregaron."
"2437","Maen nhw'n mynd i Dregaron.","Tregaron","Nhregaron","Thregaron","Maen nhw'n mynd i Tregaron.","Maen nhw'n mynd i Nhregaron.","Maen nhw'n mynd i Thregaron."
"2545","Ganwch chi yn y cyngerdd nos yfory?","Canwch","Nghanwch","Chanwch","Canwch chi yn y cyngerdd nos yfory?","Nghanwch chi yn y cyngerdd nos yfory?","Chanwch chi yn y cyngerdd nos yfory?"
"2558","Yn sgil hynny, sefydlwyd Undeb Myfyrwyr Cymraeg Bangor (UMCB) fel undeb newydd ac annibynnol yn 1976 ond llwyddwyd cyn hynny i sicrhau Neuadd Gymraeg I breswylwyr y brifysgol, sef Neuadd John Morris-Jones.","Cymraeg","Nghymraeg","Chymraeg","Yn sgil hynny, sefydlwyd Undeb Myfyrwyr Cymraeg Bangor (UMCB) fel undeb newydd ac annibynnol yn 1976 ond llwyddwyd cyn hynny i sicrhau Neuadd Cymraeg I breswylwyr y brifysgol, sef Neuadd John Morris-Jones.","Yn sgil hynny, sefydlwyd Undeb Myfyrwyr Cymraeg Bangor (UMCB) fel undeb newydd ac annibynnol yn 1976 ond llwyddwyd cyn hynny i sicrhau Neuadd Nghymraeg I breswylwyr y brifysgol, sef Neuadd John Morris-Jones.","Yn sgil hynny, sefydlwyd Undeb Myfyrwyr Cymraeg Bangor (UMCB) fel undeb newydd ac annibynnol yn 1976 ond llwyddwyd cyn hynny i sicrhau Neuadd Chymraeg I breswylwyr y brifysgol, sef Neuadd John Morris-Jones."
"2767","Wnewch chi gadarnhau a yw'r dyddiad yn gyfleus os gwelwch yn dda?","Gwnewch","Ngwnewch",NA,"Gwnewch chi gadarnhau a yw'r dyddiad yn gyfleus os gwelwch yn dda?","Ngwnewch chi gadarnhau a yw'r dyddiad yn gyfleus os gwelwch yn dda?",NA
"2787","Mae'r amgueddfa baleontoleg newydd sgleiniog yn werth ei gweld, ac mae'r amgueddfa leol dafliad carreg i ffwrdd hefyd.","paleontoleg","mhaleontoleg","phaleontoleg","Mae'r amgueddfa paleontoleg newydd sgleiniog yn werth ei gweld, ac mae'r amgueddfa leol dafliad carreg i ffwrdd hefyd.","Mae'r amgueddfa mhaleontoleg newydd sgleiniog yn werth ei gweld, ac mae'r amgueddfa leol dafliad carreg i ffwrdd hefyd.","Mae'r amgueddfa phaleontoleg newydd sgleiniog yn werth ei gweld, ac mae'r amgueddfa leol dafliad carreg i ffwrdd hefyd."
"2813","Chlywais i moni hi.","Clywais","Glywais","Nghlywais","Clywais i moni hi.","Glywais i moni hi.","Nghlywais i moni hi."
"2872","Dydw i ddim eisiau traethu amdanaf fi'n hun ddim mwy ond roeddwn i'n meddwl y byddai'n werth rhannu'r gerdd gyfarch gan Iestyn Tyne â chi, am ei bod hi mor arbennig.","cyfarch","nghyfarch","chyfarch","Dydw i ddim eisiau traethu amdanaf fi'n hun ddim mwy ond roeddwn i'n meddwl y byddai'n werth rhannu'r gerdd cyfarch gan Iestyn Tyne â chi, am ei bod hi mor arbennig.","Dydw i ddim eisiau traethu amdanaf fi'n hun ddim mwy ond roeddwn i'n meddwl y byddai'n werth rhannu'r gerdd nghyfarch gan Iestyn Tyne â chi, am ei bod hi mor arbennig.","Dydw i ddim eisiau traethu amdanaf fi'n hun ddim mwy ond roeddwn i'n meddwl y byddai'n werth rhannu'r gerdd chyfarch gan Iestyn Tyne â chi, am ei bod hi mor arbennig."
"3005","A deud y gwir, roedd Trelew dan anfantais braidd, a'r 'mynadd yn brin wedi i ni gyrraedd y ddinas tua awr yn gynt na'r disgwyl, am chwech y bore: dim byd yn agored ond caffi oer, di-groeso yr orsaf fysiau, a hen grinc o hogan anserchog yn gwerthu coffi sâl wysg ei thîn i gwsmeriaid cynta'r dydd.","tîn","dîn","nhîn","A deud y gwir, roedd Trelew dan anfantais braidd, a'r 'mynadd yn brin wedi i ni gyrraedd y ddinas tua awr yn gynt na'r disgwyl, am chwech y bore: dim byd yn agored ond caffi oer, di-groeso yr orsaf fysiau, a hen grinc o hogan anserchog yn gwerthu coffi sâl wysg ei tîn i gwsmeriaid cynta'r dydd.","A deud y gwir, roedd Trelew dan anfantais braidd, a'r 'mynadd yn brin wedi i ni gyrraedd y ddinas tua awr yn gynt na'r disgwyl, am chwech y bore: dim byd yn agored ond caffi oer, di-groeso yr orsaf fysiau, a hen grinc o hogan anserchog yn gwerthu coffi sâl wysg ei dîn i gwsmeriaid cynta'r dydd.","A deud y gwir, roedd Trelew dan anfantais braidd, a'r 'mynadd yn brin wedi i ni gyrraedd y ddinas tua awr yn gynt na'r disgwyl, am chwech y bore: dim byd yn agored ond caffi oer, di-groeso yr orsaf fysiau, a hen grinc o hogan anserchog yn gwerthu coffi sâl wysg ei nhîn i gwsmeriaid cynta'r dydd."
"3019","Y penwythnos hwnnw, es i i un o fy ngigs cynta ers bod 'ma.","gigs","igs",NA,"Y penwythnos hwnnw, es i i un o fy gigs cynta ers bod 'ma.","Y penwythnos hwnnw, es i i un o fy igs cynta ers bod 'ma.",NA
"3079","Meddai'r Athro Jerry Hunter, Dirprwy Is-gangellor Prifysgol Bangor: ""Mae cael cyfundrefn addysg cyfrwng Cymraeg gyflawn, sy'n caniatáu i blant a phobl ifanc Cymru ddysgu ac astudio drwy'r Gymraeg o'r cyfnod meithrin hyd at gyfnod addysg uwch, yn gwbl allweddol at ffyniant yr iaith.""","cyflawn","nghyflawn","chyflawn","Meddai'r Athro Jerry Hunter, Dirprwy Is-gangellor Prifysgol Bangor: ""Mae cael cyfundrefn addysg cyfrwng Cymraeg cyflawn, sy'n caniatáu i blant a phobl ifanc Cymru ddysgu ac astudio drwy'r Gymraeg o'r cyfnod meithrin hyd at gyfnod addysg uwch, yn gwbl allweddol at ffyniant yr iaith.""","Meddai'r Athro Jerry Hunter, Dirprwy Is-gangellor Prifysgol Bangor: ""Mae cael cyfundrefn addysg cyfrwng Cymraeg nghyflawn, sy'n caniatáu i blant a phobl ifanc Cymru ddysgu ac astudio drwy'r Gymraeg o'r cyfnod meithrin hyd at gyfnod addysg uwch, yn gwbl allweddol at ffyniant yr iaith.""","Meddai'r Athro Jerry Hunter, Dirprwy Is-gangellor Prifysgol Bangor: ""Mae cael cyfundrefn addysg cyfrwng Cymraeg chyflawn, sy'n caniatáu i blant a phobl ifanc Cymru ddysgu ac astudio drwy'r Gymraeg o'r cyfnod meithrin hyd at gyfnod addysg uwch, yn gwbl allweddol at ffyniant yr iaith."""
"3118","Ganwyd William Morgan yn Nhŷ Mawr y Wybrnant, ger Penmachno, yn fab i denant ar ystad Gwydir.","Tŷ","Dŷ","Thŷ","Ganwyd William Morgan yn Tŷ Mawr y Wybrnant, ger Penmachno, yn fab i denant ar ystad Gwydir.","Ganwyd William Morgan yn Dŷ Mawr y Wybrnant, ger Penmachno, yn fab i denant ar ystad Gwydir.","Ganwyd William Morgan yn Thŷ Mawr y Wybrnant, ger Penmachno, yn fab i denant ar ystad Gwydir."
"3172","Mae datblygiad newydd o 600 o ystafelloedd wedi agor ym Mhentref Santes Fair, gydag amrywiaeth o lety gan gynnwys fflatiau stiwdio a tai tref, bar caffi, siop, golchdy, ystafelloedd cyffredin a chyfleusterau chwaraeon a ffitrwydd.","thai","dai","nhai","Mae datblygiad newydd o 600 o ystafelloedd wedi agor ym Mhentref Santes Fair, gydag amrywiaeth o lety gan gynnwys fflatiau stiwdio a thai tref, bar caffi, siop, golchdy, ystafelloedd cyffredin a chyfleusterau chwaraeon a ffitrwydd.","Mae datblygiad newydd o 600 o ystafelloedd wedi agor ym Mhentref Santes Fair, gydag amrywiaeth o lety gan gynnwys fflatiau stiwdio a dai tref, bar caffi, siop, golchdy, ystafelloedd cyffredin a chyfleusterau chwaraeon a ffitrwydd.","Mae datblygiad newydd o 600 o ystafelloedd wedi agor ym Mhentref Santes Fair, gydag amrywiaeth o lety gan gynnwys fflatiau stiwdio a nhai tref, bar caffi, siop, golchdy, ystafelloedd cyffredin a chyfleusterau chwaraeon a ffitrwydd."
"3236","Gwrthwynebir amgylcheddaeth gan wrth-amgylcheddaeth, sy'n dweud bod y Ddaear yn llai bregus nag y mae rhai amgylcheddwyr yn ei gredu, ac yn portreadu amgylcheddaeth fel gorymateb i gyfraniad dynol at newid yn yr hinsawdd neu'n gwrthwynebu datblygiad dynol.","gwrth-amgylcheddaeth","ngwrth-amgylcheddaeth",NA,"Gwrthwynebir amgylcheddaeth gan gwrth-amgylcheddaeth, sy'n dweud bod y Ddaear yn llai bregus nag y mae rhai amgylcheddwyr yn ei gredu, ac yn portreadu amgylcheddaeth fel gorymateb i gyfraniad dynol at newid yn yr hinsawdd neu'n gwrthwynebu datblygiad dynol.","Gwrthwynebir amgylcheddaeth gan ngwrth-amgylcheddaeth, sy'n dweud bod y Ddaear yn llai bregus nag y mae rhai amgylcheddwyr yn ei gredu, ac yn portreadu amgylcheddaeth fel gorymateb i gyfraniad dynol at newid yn yr hinsawdd neu'n gwrthwynebu datblygiad dynol.",NA
"3243","Bu yno am flynyddoedd heb i neb syllu ar ei thlysni.","tlysni","dlysni","nhlysni","Bu yno am flynyddoedd heb i neb syllu ar ei tlysni.","Bu yno am flynyddoedd heb i neb syllu ar ei dlysni.","Bu yno am flynyddoedd heb i neb syllu ar ei nhlysni."
"3303","Hon oedd y bedwaredd orymdaith mewn cyfres o Orymdeithiau dros Annibyniaeth, a'r gyntaf ers llacio cyfyngiadau Covid.","cyntaf","nghyntaf","chyntaf","Hon oedd y bedwaredd orymdaith mewn cyfres o Orymdeithiau dros Annibyniaeth, a'r cyntaf ers llacio cyfyngiadau Covid.","Hon oedd y bedwaredd orymdaith mewn cyfres o Orymdeithiau dros Annibyniaeth, a'r nghyntaf ers llacio cyfyngiadau Covid.","Hon oedd y bedwaredd orymdaith mewn cyfres o Orymdeithiau dros Annibyniaeth, a'r chyntaf ers llacio cyfyngiadau Covid."
"3347","Diolch i FanglaCymru cafodd dau glaf ar bymtheg ar hugain eto gyfle newydd i grafu byw a chael eu derbyn yn un o wledydd mwyaf anghenus y byd","crafu","nghrafu","chrafu","Diolch i FanglaCymru cafodd dau glaf ar bymtheg ar hugain eto gyfle newydd i crafu byw a chael eu derbyn yn un o wledydd mwyaf anghenus y byd","Diolch i FanglaCymru cafodd dau glaf ar bymtheg ar hugain eto gyfle newydd i nghrafu byw a chael eu derbyn yn un o wledydd mwyaf anghenus y byd","Diolch i FanglaCymru cafodd dau glaf ar bymtheg ar hugain eto gyfle newydd i chrafu byw a chael eu derbyn yn un o wledydd mwyaf anghenus y byd"
"3478","Mae arweinydd Plaid Cymru yn San Steffan wedi anfon neges at holl aelodau ei phlaid yn eu hannog i ddal i gredu yn nyfodol Cymru yn Ewrop.","dyfodol","ddyfodol",NA,"Mae arweinydd Plaid Cymru yn San Steffan wedi anfon neges at holl aelodau ei phlaid yn eu hannog i ddal i gredu yn dyfodol Cymru yn Ewrop.","Mae arweinydd Plaid Cymru yn San Steffan wedi anfon neges at holl aelodau ei phlaid yn eu hannog i ddal i gredu yn ddyfodol Cymru yn Ewrop.",NA
"3526","Cafodd Arfon weld â'i lygaid ei hun pa mor weithgar ac ymroddgar oedd y ddau wrth geisio diogelu'r caneuon gwerin yma.","gweld","ngweld",NA,"Cafodd Arfon gweld â'i lygaid ei hun pa mor weithgar ac ymroddgar oedd y ddau wrth geisio diogelu'r caneuon gwerin yma.","Cafodd Arfon ngweld â'i lygaid ei hun pa mor weithgar ac ymroddgar oedd y ddau wrth geisio diogelu'r caneuon gwerin yma.",NA
"3543","Fu hi'n wythnos brysur yma.","Bu","Mu",NA,"Bu hi'n wythnos brysur yma.","Mu hi'n wythnos brysur yma.",NA
"3558","Deffro'r meddwl ddylai addoliad iawn wneud.","dylai","nylai",NA,"Deffro'r meddwl dylai addoliad iawn wneud.","Deffro'r meddwl nylai addoliad iawn wneud.",NA
"3559","Wrth i Blaid Cymru ddathlu 100 mlynedd ers ei sefydlu ddydd Mawrth, mae'r arweinydd Rhun ap Iorwerth yn dweud fod yr heriau y mae Cymru yn ei wynebu yn ""fwy nag erioed"".","bod","mod",NA,"Wrth i Blaid Cymru ddathlu 100 mlynedd ers ei sefydlu ddydd Mawrth, mae'r arweinydd Rhun ap Iorwerth yn dweud bod yr heriau y mae Cymru yn ei wynebu yn ""fwy nag erioed"".","Wrth i Blaid Cymru ddathlu 100 mlynedd ers ei sefydlu ddydd Mawrth, mae'r arweinydd Rhun ap Iorwerth yn dweud mod yr heriau y mae Cymru yn ei wynebu yn ""fwy nag erioed"".",NA
"3582","O'r diwedd mae'r Llywodraeth wedi gwneud datganiad mewn ymateb i'r ddeiseb a gyflwynon fis Tachwedd yn galw arnynt i roi grymoedd i Awdurdodau Lleol reoli'r farchnad dai.","mis",NA,NA,"O'r diwedd mae'r Llywodraeth wedi gwneud datganiad mewn ymateb i'r ddeiseb a gyflwynon mis Tachwedd yn galw arnynt i roi grymoedd i Awdurdodau Lleol reoli'r farchnad dai.",NA,NA
"3606","Mae Meirionnydd yn ymestyn o Finffordd yn y Gogledd hyd at Bont Ddyfi yn y De.","Minffordd",NA,NA,"Mae Meirionnydd yn ymestyn o Minffordd yn y Gogledd hyd at Bont Ddyfi yn y De.",NA,NA
"3645","Sylfaenol iawn oedd yr adnoddau yn y gwersyll ar y dechrau, er hynny doedd dim trafferth denu cenedlaethau o blant a phobl ifanc a dyrrai yno i gymryd rhan yng ngweithgareddau awyr agored ar Lyn Tegid, ar y mynyddoedd o gwmpas ac wrth gwrs i wneud ffrindiau newydd o bob cwr o Gymru.","tyrrai","nhyrrai","thyrrai","Sylfaenol iawn oedd yr adnoddau yn y gwersyll ar y dechrau, er hynny doedd dim trafferth denu cenedlaethau o blant a phobl ifanc a tyrrai yno i gymryd rhan yng ngweithgareddau awyr agored ar Lyn Tegid, ar y mynyddoedd o gwmpas ac wrth gwrs i wneud ffrindiau newydd o bob cwr o Gymru.","Sylfaenol iawn oedd yr adnoddau yn y gwersyll ar y dechrau, er hynny doedd dim trafferth denu cenedlaethau o blant a phobl ifanc a nhyrrai yno i gymryd rhan yng ngweithgareddau awyr agored ar Lyn Tegid, ar y mynyddoedd o gwmpas ac wrth gwrs i wneud ffrindiau newydd o bob cwr o Gymru.","Sylfaenol iawn oedd yr adnoddau yn y gwersyll ar y dechrau, er hynny doedd dim trafferth denu cenedlaethau o blant a phobl ifanc a thyrrai yno i gymryd rhan yng ngweithgareddau awyr agored ar Lyn Tegid, ar y mynyddoedd o gwmpas ac wrth gwrs i wneud ffrindiau newydd o bob cwr o Gymru."
"3679","Ni chafodd y blaid newydd lawer o lwyddiant etholiadol, a daeth i ben tua chanol y 1950au, ond cafodd gryn ddylanwad ar bolisïau Plaid Cymru.","ddaeth","naeth",NA,"Ni chafodd y blaid newydd lawer o lwyddiant etholiadol, a ddaeth i ben tua chanol y 1950au, ond cafodd gryn ddylanwad ar bolisïau Plaid Cymru.","Ni chafodd y blaid newydd lawer o lwyddiant etholiadol, a naeth i ben tua chanol y 1950au, ond cafodd gryn ddylanwad ar bolisïau Plaid Cymru.",NA
"3734","Cofia bod rhaid i chdi ddechrau bob brawddeg gyda phrif lythyren.","pob","mhob","phob","Cofia bod rhaid i chdi ddechrau pob brawddeg gyda phrif lythyren.","Cofia bod rhaid i chdi ddechrau mhob brawddeg gyda phrif lythyren.","Cofia bod rhaid i chdi ddechrau phob brawddeg gyda phrif lythyren."
"3832","Mae targed Llywodraeth Cymru i adeiladu 20,000 o gartrefi cymdeithasol newydd yn ystod ei thymor presennol (2021-26) ymhell o fod yn ddigonol.","tymor","dymor","nhymor","Mae targed Llywodraeth Cymru i adeiladu 20,000 o gartrefi cymdeithasol newydd yn ystod ei tymor presennol (2021-26) ymhell o fod yn ddigonol.","Mae targed Llywodraeth Cymru i adeiladu 20,000 o gartrefi cymdeithasol newydd yn ystod ei dymor presennol (2021-26) ymhell o fod yn ddigonol.","Mae targed Llywodraeth Cymru i adeiladu 20,000 o gartrefi cymdeithasol newydd yn ystod ei nhymor presennol (2021-26) ymhell o fod yn ddigonol."
"3947","Lle clên a Chymreig – beth am edrych pa weithgareddau sydd gan yr Urdd yn y sir ar dy gyfer di?","gweithgareddau","ngweithgareddau",NA,"Lle clên a Chymreig – beth am edrych pa gweithgareddau sydd gan yr Urdd yn y sir ar dy gyfer di?","Lle clên a Chymreig – beth am edrych pa ngweithgareddau sydd gan yr Urdd yn y sir ar dy gyfer di?",NA
"4061","Ers dysgu siarad Cymraeg gwta chwe blynedd yn ôl, mae cyfreithiwr o Fanceinion wedi ysgrifennu nofel Gymraeg, meistroli'r gynghanedd, creu cynllun i ddiogelu enwau tai, a rhyddhau dwy albwm yn Iaith y Nefoedd.","cwta","nghwta","chwta","Ers dysgu siarad Cymraeg cwta chwe blynedd yn ôl, mae cyfreithiwr o Fanceinion wedi ysgrifennu nofel Gymraeg, meistroli'r gynghanedd, creu cynllun i ddiogelu enwau tai, a rhyddhau dwy albwm yn Iaith y Nefoedd.","Ers dysgu siarad Cymraeg nghwta chwe blynedd yn ôl, mae cyfreithiwr o Fanceinion wedi ysgrifennu nofel Gymraeg, meistroli'r gynghanedd, creu cynllun i ddiogelu enwau tai, a rhyddhau dwy albwm yn Iaith y Nefoedd.","Ers dysgu siarad Cymraeg chwta chwe blynedd yn ôl, mae cyfreithiwr o Fanceinion wedi ysgrifennu nofel Gymraeg, meistroli'r gynghanedd, creu cynllun i ddiogelu enwau tai, a rhyddhau dwy albwm yn Iaith y Nefoedd."
"4139","Crynodeb dealladwy o'r iaith lafar safonol, sy'n gyflwyniad arbennig i ddechreuwyr ac i ddysgwyr canolradd.","llafar",NA,NA,"Crynodeb dealladwy o'r iaith llafar safonol, sy'n gyflwyniad arbennig i ddechreuwyr ac i ddysgwyr canolradd.",NA,NA
"4185","A pan ddaw hi at actio, y peth mwyaf pwysig i mi yw gweld wynebau newydd, yn enwedig yn y cyfryngau Cymraeg, yn cael eu gweld ar deledu.","phan","ban","mhan","A phan ddaw hi at actio, y peth mwyaf pwysig i mi yw gweld wynebau newydd, yn enwedig yn y cyfryngau Cymraeg, yn cael eu gweld ar deledu.","A ban ddaw hi at actio, y peth mwyaf pwysig i mi yw gweld wynebau newydd, yn enwedig yn y cyfryngau Cymraeg, yn cael eu gweld ar deledu.","A mhan ddaw hi at actio, y peth mwyaf pwysig i mi yw gweld wynebau newydd, yn enwedig yn y cyfryngau Cymraeg, yn cael eu gweld ar deledu."
"4265","Fydd y llithrffordd ddim yn gallu cael ei defnyddio rhwng 10yb a 4yp er mwyn sicrhau diogelwch yr holl ymwelwyr.","Bydd","Mydd",NA,"Bydd y llithrffordd ddim yn gallu cael ei defnyddio rhwng 10yb a 4yp er mwyn sicrhau diogelwch yr holl ymwelwyr.","Mydd y llithrffordd ddim yn gallu cael ei defnyddio rhwng 10yb a 4yp er mwyn sicrhau diogelwch yr holl ymwelwyr.",NA
"4317","Wrth ymateb i gyhoeddi Bil y Gymraeg ac Addysg heddiw, mae Cymdeithas yr Iaith yn dweud bod y Llywodraeth yn ""colli cyfle mewn cenhedlaeth"" i osod nod hirdymor bod pob plentyn yn cael addysg Gymraeg, gan bwysleisio mai blaenoriaeth y mudiad yn ystod y misoedd nesaf fydd cryfhau'r ddeddfwriaeth yn ystod ei thaith trwy'r Senedd.","taith","daith","nhaith","Wrth ymateb i gyhoeddi Bil y Gymraeg ac Addysg heddiw, mae Cymdeithas yr Iaith yn dweud bod y Llywodraeth yn ""colli cyfle mewn cenhedlaeth"" i osod nod hirdymor bod pob plentyn yn cael addysg Gymraeg, gan bwysleisio mai blaenoriaeth y mudiad yn ystod y misoedd nesaf fydd cryfhau'r ddeddfwriaeth yn ystod ei taith trwy'r Senedd.","Wrth ymateb i gyhoeddi Bil y Gymraeg ac Addysg heddiw, mae Cymdeithas yr Iaith yn dweud bod y Llywodraeth yn ""colli cyfle mewn cenhedlaeth"" i osod nod hirdymor bod pob plentyn yn cael addysg Gymraeg, gan bwysleisio mai blaenoriaeth y mudiad yn ystod y misoedd nesaf fydd cryfhau'r ddeddfwriaeth yn ystod ei daith trwy'r Senedd.","Wrth ymateb i gyhoeddi Bil y Gymraeg ac Addysg heddiw, mae Cymdeithas yr Iaith yn dweud bod y Llywodraeth yn ""colli cyfle mewn cenhedlaeth"" i osod nod hirdymor bod pob plentyn yn cael addysg Gymraeg, gan bwysleisio mai blaenoriaeth y mudiad yn ystod y misoedd nesaf fydd cryfhau'r ddeddfwriaeth yn ystod ei nhaith trwy'r Senedd."
"4436","Ganol fis Mawrth ymddangosodd baner y Ddraig Goch yn y gysgodfa ar gopa Moel Eilio.","mis",NA,NA,"Ganol mis Mawrth ymddangosodd baner y Ddraig Goch yn y gysgodfa ar gopa Moel Eilio.",NA,NA
"4630","Tisio fi beintio dy winadd di?","peintio","mheintio","pheintio","Tisio fi peintio dy winadd di?","Tisio fi mheintio dy winadd di?","Tisio fi pheintio dy winadd di?"
"4661","Os edrychwn yn ôl yn gyntaf ar hanes datganoli yng Nghymru, rydym yn gweld fod Cymdeithas yr Iaith wedi bod yn ymwneud â'r mater ers blynyddoedd, drwy hybu fod angen ffynonellau eraill i'r Gymraeg gael ei darlledu arni.","bod","mod",NA,"Os edrychwn yn ôl yn gyntaf ar hanes datganoli yng Nghymru, rydym yn gweld fod Cymdeithas yr Iaith wedi bod yn ymwneud â'r mater ers blynyddoedd, drwy hybu bod angen ffynonellau eraill i'r Gymraeg gael ei darlledu arni.","Os edrychwn yn ôl yn gyntaf ar hanes datganoli yng Nghymru, rydym yn gweld fod Cymdeithas yr Iaith wedi bod yn ymwneud â'r mater ers blynyddoedd, drwy hybu mod angen ffynonellau eraill i'r Gymraeg gael ei darlledu arni.",NA
"4664","Welodd o mono i.","Gwelodd","Ngwelodd",NA,"Gwelodd o mono i.","Ngwelodd o mono i.",NA
"4670","Ym mis Medi 1400, flwyddyn ar ôl i Harri feddiannu gorsedd Lloegr, daeth ffrae rhwng Glyndŵr a'i gymydog Reginald Grey, 3ydd Barwn Grey de Ruthyn i'w anterth, a ddatblygodd yn gyflym i fod yn wrthryfel dros annibyniaeth Cymru.","gwrthryfel","ngwrthryfel",NA,"Ym mis Medi 1400, flwyddyn ar ôl i Harri feddiannu gorsedd Lloegr, daeth ffrae rhwng Glyndŵr a'i gymydog Reginald Grey, 3ydd Barwn Grey de Ruthyn i'w anterth, a ddatblygodd yn gyflym i fod yn gwrthryfel dros annibyniaeth Cymru.","Ym mis Medi 1400, flwyddyn ar ôl i Harri feddiannu gorsedd Lloegr, daeth ffrae rhwng Glyndŵr a'i gymydog Reginald Grey, 3ydd Barwn Grey de Ruthyn i'w anterth, a ddatblygodd yn gyflym i fod yn ngwrthryfel dros annibyniaeth Cymru.",NA
"4690","Dw i heb wastraffu fy mhres.","gwastraffu","ngwastraffu",NA,"Dw i heb gwastraffu fy mhres.","Dw i heb ngwastraffu fy mhres.",NA
"4858","Er enghraifft dyna i ni Gavin Williamson, pan oedd yn Weinidog Amddiffyn yn egluro wrthym syniad mor dda fyddai anfon llongau rhyfel i For De China yn dilyn Brexit.","Gweinidog","Ngweinidog",NA,"Er enghraifft dyna i ni Gavin Williamson, pan oedd yn Gweinidog Amddiffyn yn egluro wrthym syniad mor dda fyddai anfon llongau rhyfel i For De China yn dilyn Brexit.","Er enghraifft dyna i ni Gavin Williamson, pan oedd yn Ngweinidog Amddiffyn yn egluro wrthym syniad mor dda fyddai anfon llongau rhyfel i For De China yn dilyn Brexit.",NA
"4891","Dyna pam y gwnaethom yn glir yn y cyhoeddiad nad peidio â bwrw ymlaen â'r ffordd liniaru yn unig yr oeddem, ond ein bod am fwrw ymlaen â mesurau lliniaru o amgylch yr M4, yn enwedig yr ardal o amgylch Casnewydd.","lliniaru",NA,NA,"Dyna pam y gwnaethom yn glir yn y cyhoeddiad nad peidio â bwrw ymlaen â'r ffordd lliniaru yn unig yr oeddem, ond ein bod am fwrw ymlaen â mesurau lliniaru o amgylch yr M4, yn enwedig yr ardal o amgylch Casnewydd.",NA,NA
"4898","Wedi misoedd o waith caled roedd y gyngerdd yn llwyddiant.","cyngerdd","nghyngerdd","chyngerdd","Wedi misoedd o waith caled roedd y cyngerdd yn llwyddiant.","Wedi misoedd o waith caled roedd y nghyngerdd yn llwyddiant.","Wedi misoedd o waith caled roedd y chyngerdd yn llwyddiant."
"5107","Chadwa i monoch chi'n hir.","Cadwa","Gadwa","Nghadwa","Cadwa i monoch chi'n hir.","Gadwa i monoch chi'n hir.","Nghadwa i monoch chi'n hir."
"5139","Enillodd James fynediad i'r Orsedd am ei chyfryniad i'r Celfyddydau yn Eisteddfod Meifod 2015, yn agos i'w chartref.","cartref","gartref","nghartref","Enillodd James fynediad i'r Orsedd am ei chyfryniad i'r Celfyddydau yn Eisteddfod Meifod 2015, yn agos i'w cartref.","Enillodd James fynediad i'r Orsedd am ei chyfryniad i'r Celfyddydau yn Eisteddfod Meifod 2015, yn agos i'w gartref.","Enillodd James fynediad i'r Orsedd am ei chyfryniad i'r Celfyddydau yn Eisteddfod Meifod 2015, yn agos i'w nghartref."
"5192","Sefydlwyd y Fenter Iaith gyntaf yng Nghwm Gwendraeth yn 1991, ac yn y blynyddoedd ers hynny mae cymunedau ar draws Cymru wedi gweithredu i ffurfio Mentrau eu hunain.","Menter",NA,NA,"Sefydlwyd y Menter Iaith gyntaf yng Nghwm Gwendraeth yn 1991, ac yn y blynyddoedd ers hynny mae cymunedau ar draws Cymru wedi gweithredu i ffurfio Mentrau eu hunain.",NA,NA
"5193","Fe ofynnodd merch ifanc i fi'n ddiweddar pam fy mod yn casáu Margaret Thatcher cymaint, gan ei bod newydd fod yn y sinema yn gweld y ffilm The Iron Lady.","gofynnodd","ngofynnodd",NA,"Fe gofynnodd merch ifanc i fi'n ddiweddar pam fy mod yn casáu Margaret Thatcher cymaint, gan ei bod newydd fod yn y sinema yn gweld y ffilm The Iron Lady.","Fe ngofynnodd merch ifanc i fi'n ddiweddar pam fy mod yn casáu Margaret Thatcher cymaint, gan ei bod newydd fod yn y sinema yn gweld y ffilm The Iron Lady.",NA
"5247","Wrth deithio lawr o Benmynydd, Môn i Sir Gâr yn ystod saithdegau'r ganrif ddwethaf, erbyn cyrraedd Trawsfynydd mi roedd hi'n amser stopio wrth y cerflun yng nghanol y pentref a chael picnic.","Penmynydd","Mhenmynydd","Phenmynydd","Wrth deithio lawr o Penmynydd, Môn i Sir Gâr yn ystod saithdegau'r ganrif ddwethaf, erbyn cyrraedd Trawsfynydd mi roedd hi'n amser stopio wrth y cerflun yng nghanol y pentref a chael picnic.","Wrth deithio lawr o Mhenmynydd, Môn i Sir Gâr yn ystod saithdegau'r ganrif ddwethaf, erbyn cyrraedd Trawsfynydd mi roedd hi'n amser stopio wrth y cerflun yng nghanol y pentref a chael picnic.","Wrth deithio lawr o Phenmynydd, Môn i Sir Gâr yn ystod saithdegau'r ganrif ddwethaf, erbyn cyrraedd Trawsfynydd mi roedd hi'n amser stopio wrth y cerflun yng nghanol y pentref a chael picnic."
"5374","Mae fy ymchwil wedi dweud wrthai bod y geiriau i gyd wedi eu ysgrifennu gan yr un person.","mod","fod",NA,"Mae fy ymchwil wedi dweud wrthai mod y geiriau i gyd wedi eu ysgrifennu gan yr un person.","Mae fy ymchwil wedi dweud wrthai fod y geiriau i gyd wedi eu ysgrifennu gan yr un person.",NA
"5426","Os ydych am fynd i ymchwilio yn yr archifdy bydd angen diwrnod neu fwy o rybudd fel bod modd estyn y dogfennau a sicrhau fod y dogfennau hynny ar gael.","bod","mod",NA,"Os ydych am fynd i ymchwilio yn yr archifdy bydd angen diwrnod neu fwy o rybudd fel bod modd estyn y dogfennau a sicrhau bod y dogfennau hynny ar gael.","Os ydych am fynd i ymchwilio yn yr archifdy bydd angen diwrnod neu fwy o rybudd fel bod modd estyn y dogfennau a sicrhau mod y dogfennau hynny ar gael.",NA
"5512","Beth wyt ti'n wneud?","gwneud","ngwneud",NA,"Beth wyt ti'n gwneud?","Beth wyt ti'n ngwneud?",NA
"5530","Heddiw, fues i ym Mhwyllgor Plant a Phobl Ifanc Cynulliad Cenedlaethol Cymru i roi diweddariad iddynt ar y cynnydd gyda diwygio'r cwricwlwm.","bues","mues",NA,"Heddiw, bues i ym Mhwyllgor Plant a Phobl Ifanc Cynulliad Cenedlaethol Cymru i roi diweddariad iddynt ar y cynnydd gyda diwygio'r cwricwlwm.","Heddiw, mues i ym Mhwyllgor Plant a Phobl Ifanc Cynulliad Cenedlaethol Cymru i roi diweddariad iddynt ar y cynnydd gyda diwygio'r cwricwlwm.",NA
"5617","Heibio i dafarn y Mulberry a safle garafanau foethus Aberconwy.","moethus",NA,NA,"Heibio i dafarn y Mulberry a safle garafanau moethus Aberconwy.",NA,NA
"5624","Does dim amheuaeth bod 2020 wedi bod flwyddyn fel dim un arall.","blwyddyn","mlwyddyn",NA,"Does dim amheuaeth bod 2020 wedi bod blwyddyn fel dim un arall.","Does dim amheuaeth bod 2020 wedi bod mlwyddyn fel dim un arall.",NA
"5665","Ni ddaethom oddi yno unwaith ar ein cythlwng nac yn waglaw.","gwaglaw","ngwaglaw",NA,"Ni ddaethom oddi yno unwaith ar ein cythlwng nac yn gwaglaw.","Ni ddaethom oddi yno unwaith ar ein cythlwng nac yn ngwaglaw.",NA
"5796","Wnes i weld hi'n croesi lôn, wn i ddim lle mai 'di mynd.","Gwnes","Ngwnes",NA,"Gwnes i weld hi'n croesi lôn, wn i ddim lle mai 'di mynd.","Ngwnes i weld hi'n croesi lôn, wn i ddim lle mai 'di mynd.",NA
"5813","Roeddwn i wedi paratoi fy mwyd pan ffoniodd Ifan.","bwyd","fwyd",NA,"Roeddwn i wedi paratoi fy bwyd pan ffoniodd Ifan.","Roeddwn i wedi paratoi fy fwyd pan ffoniodd Ifan.",NA
"5841","Galw gyda theulu am banad yng Nghlynnog Fawr cyn ymweld ag eglwys a ffynnon Beuno Sant, a chromlech Bachwen.","cromlech","gromlech","nghromlech","Galw gyda theulu am banad yng Nghlynnog Fawr cyn ymweld ag eglwys a ffynnon Beuno Sant, a cromlech Bachwen.","Galw gyda theulu am banad yng Nghlynnog Fawr cyn ymweld ag eglwys a ffynnon Beuno Sant, a gromlech Bachwen.","Galw gyda theulu am banad yng Nghlynnog Fawr cyn ymweld ag eglwys a ffynnon Beuno Sant, a nghromlech Bachwen."
"5957","Mae'n dangos sut y gallwn ddysgu oddi wrth ein gilydd ac yn pwysleisio cryfder a pherthnasedd cynyddol ein hieithoedd mewn byd gynyddol ddigidol.","cynyddol","nghynyddol","chynyddol","Mae'n dangos sut y gallwn ddysgu oddi wrth ein gilydd ac yn pwysleisio cryfder a pherthnasedd cynyddol ein hieithoedd mewn byd cynyddol ddigidol.","Mae'n dangos sut y gallwn ddysgu oddi wrth ein gilydd ac yn pwysleisio cryfder a pherthnasedd cynyddol ein hieithoedd mewn byd nghynyddol ddigidol.","Mae'n dangos sut y gallwn ddysgu oddi wrth ein gilydd ac yn pwysleisio cryfder a pherthnasedd cynyddol ein hieithoedd mewn byd chynyddol ddigidol."
"5993","Mae 'na alwadau ar gerddwyr ar Yr Wyddfa i ""barchu'r mynydd"" wrth i effaith cynnydd yn nifer ymwelwyr ddod i'r amlwg.","galwadau","ngalwadau",NA,"Mae 'na galwadau ar gerddwyr ar Yr Wyddfa i ""barchu'r mynydd"" wrth i effaith cynnydd yn nifer ymwelwyr ddod i'r amlwg.","Mae 'na ngalwadau ar gerddwyr ar Yr Wyddfa i ""barchu'r mynydd"" wrth i effaith cynnydd yn nifer ymwelwyr ddod i'r amlwg.",NA
"6022","Dwy broblem wahanol sy'n cael effaith debyg, effaith negyddol iawn o gau pobl leol o'r farchnad dai ac o sugno bywyd allan o gymunedau.","gwahanol","ngwahanol",NA,"Dwy broblem gwahanol sy'n cael effaith debyg, effaith negyddol iawn o gau pobl leol o'r farchnad dai ac o sugno bywyd allan o gymunedau.","Dwy broblem ngwahanol sy'n cael effaith debyg, effaith negyddol iawn o gau pobl leol o'r farchnad dai ac o sugno bywyd allan o gymunedau.",NA
"6139","Ar 5 Awst 1925, daeth cynrychiolwyr o ddau fudiad at ei gilydd mewn caffi yn ystod yr Eisteddfod Genedlaethol ym Mhwllheli, gyda'r nod o ddechrau ""plaid wleidyddol Gymreig"".","Cymreig","Nghymreig","Chymreig","Ar 5 Awst 1925, daeth cynrychiolwyr o ddau fudiad at ei gilydd mewn caffi yn ystod yr Eisteddfod Genedlaethol ym Mhwllheli, gyda'r nod o ddechrau ""plaid wleidyddol Cymreig"".","Ar 5 Awst 1925, daeth cynrychiolwyr o ddau fudiad at ei gilydd mewn caffi yn ystod yr Eisteddfod Genedlaethol ym Mhwllheli, gyda'r nod o ddechrau ""plaid wleidyddol Nghymreig"".","Ar 5 Awst 1925, daeth cynrychiolwyr o ddau fudiad at ei gilydd mewn caffi yn ystod yr Eisteddfod Genedlaethol ym Mhwllheli, gyda'r nod o ddechrau ""plaid wleidyddol Chymreig""."
"6159","Mae petrol yn fwy na £5 y galwyn, a bob tro yr ewch at y pwmp, gwelwch fod y pris wedi codi.","pob","mhob","phob","Mae petrol yn fwy na £5 y galwyn, a pob tro yr ewch at y pwmp, gwelwch fod y pris wedi codi.","Mae petrol yn fwy na £5 y galwyn, a mhob tro yr ewch at y pwmp, gwelwch fod y pris wedi codi.","Mae petrol yn fwy na £5 y galwyn, a phob tro yr ewch at y pwmp, gwelwch fod y pris wedi codi."
"6192","Bydd Cymdeithas yr Iaith yn cynnal rali fawr ar Faes yr Eisteddfod Genedlaethol yn Nhregaron ddydd Iau, Awst 4.","Tregaron","Dregaron","Thregaron","Bydd Cymdeithas yr Iaith yn cynnal rali fawr ar Faes yr Eisteddfod Genedlaethol yn Tregaron ddydd Iau, Awst 4.","Bydd Cymdeithas yr Iaith yn cynnal rali fawr ar Faes yr Eisteddfod Genedlaethol yn Dregaron ddydd Iau, Awst 4.","Bydd Cymdeithas yr Iaith yn cynnal rali fawr ar Faes yr Eisteddfod Genedlaethol yn Thregaron ddydd Iau, Awst 4."
"6314","O gerddoriaeth i lenyddiaeth ac o raglen lawn o gystadlaethau i oriel gelf gyfoes flaenaf Cymru, mae rhywbeth i bawb ar Faes yr Eisteddfod.","blaenaf","mlaenaf",NA,"O gerddoriaeth i lenyddiaeth ac o raglen lawn o gystadlaethau i oriel gelf gyfoes blaenaf Cymru, mae rhywbeth i bawb ar Faes yr Eisteddfod.","O gerddoriaeth i lenyddiaeth ac o raglen lawn o gystadlaethau i oriel gelf gyfoes mlaenaf Cymru, mae rhywbeth i bawb ar Faes yr Eisteddfod.",NA
"6321","Mae'r darn o'r ynys sydd ar werth wedi bod yn nwylo Prifysgol Bangor ers yr 1970au, a than yn ddiweddar bu'n lleoliad ar gyfer canolfan ymchwil gwyddonol.","tan","dan","nhan","Mae'r darn o'r ynys sydd ar werth wedi bod yn nwylo Prifysgol Bangor ers yr 1970au, a tan yn ddiweddar bu'n lleoliad ar gyfer canolfan ymchwil gwyddonol.","Mae'r darn o'r ynys sydd ar werth wedi bod yn nwylo Prifysgol Bangor ers yr 1970au, a dan yn ddiweddar bu'n lleoliad ar gyfer canolfan ymchwil gwyddonol.","Mae'r darn o'r ynys sydd ar werth wedi bod yn nwylo Prifysgol Bangor ers yr 1970au, a nhan yn ddiweddar bu'n lleoliad ar gyfer canolfan ymchwil gwyddonol."
"6349","Credem yng Nghymdeithas yr Iaith mai'r deyrnged orau a allem dalu er cof am Saunders Lewis oedd cyhoeddi argraffiad newydd o'i ddarlith Tynged yr Iaith, a ysbrydolodd sefydlu'r Gymdeithas, ac sydd wedi bod yn ysbrydoliaeth i'w haelodau byth er hynny.","gallem","ngallem",NA,"Credem yng Nghymdeithas yr Iaith mai'r deyrnged orau a gallem dalu er cof am Saunders Lewis oedd cyhoeddi argraffiad newydd o'i ddarlith Tynged yr Iaith, a ysbrydolodd sefydlu'r Gymdeithas, ac sydd wedi bod yn ysbrydoliaeth i'w haelodau byth er hynny.","Credem yng Nghymdeithas yr Iaith mai'r deyrnged orau a ngallem dalu er cof am Saunders Lewis oedd cyhoeddi argraffiad newydd o'i ddarlith Tynged yr Iaith, a ysbrydolodd sefydlu'r Gymdeithas, ac sydd wedi bod yn ysbrydoliaeth i'w haelodau byth er hynny.",NA
"6573","Llwybr Llanberis yw'r hiraf a'r mwyaf graddol o'r chwe phrif lwybr i gopa'r Wyddfa.","llwybr",NA,NA,"Llwybr Llanberis yw'r hiraf a'r mwyaf graddol o'r chwe phrif llwybr i gopa'r Wyddfa.",NA,NA
"6602","Bydd sicrhau cyfradd lawer uwch o gartrefi mewn perchnogaeth cyhoeddus a chymunedol - drwy awdurdodau lleol, cymdeithasau tai, mentrau mewn perchnogaeth gymunedol a mentrau cydweithredol - hefyd yn dylanwadu'n gadarnhaol ar fforddiadwyedd yn y farchnad dai ehangach.","cymunedol","nghymunedol","chymunedol","Bydd sicrhau cyfradd lawer uwch o gartrefi mewn perchnogaeth cyhoeddus a chymunedol - drwy awdurdodau lleol, cymdeithasau tai, mentrau mewn perchnogaeth cymunedol a mentrau cydweithredol - hefyd yn dylanwadu'n gadarnhaol ar fforddiadwyedd yn y farchnad dai ehangach.","Bydd sicrhau cyfradd lawer uwch o gartrefi mewn perchnogaeth cyhoeddus a chymunedol - drwy awdurdodau lleol, cymdeithasau tai, mentrau mewn perchnogaeth nghymunedol a mentrau cydweithredol - hefyd yn dylanwadu'n gadarnhaol ar fforddiadwyedd yn y farchnad dai ehangach.","Bydd sicrhau cyfradd lawer uwch o gartrefi mewn perchnogaeth cyhoeddus a chymunedol - drwy awdurdodau lleol, cymdeithasau tai, mentrau mewn perchnogaeth chymunedol a mentrau cydweithredol - hefyd yn dylanwadu'n gadarnhaol ar fforddiadwyedd yn y farchnad dai ehangach."
"6739","Fydd fy nghyfnod i ar y bwrdd yn dod i ben cyn hir ond mae'r elusen yn mynd i gario mlaen ac yn mynd i fod yn ran mawr ohona fi am byth dwi'n meddwl.","Bydd","Mydd",NA,"Bydd fy nghyfnod i ar y bwrdd yn dod i ben cyn hir ond mae'r elusen yn mynd i gario mlaen ac yn mynd i fod yn ran mawr ohona fi am byth dwi'n meddwl.","Mydd fy nghyfnod i ar y bwrdd yn dod i ben cyn hir ond mae'r elusen yn mynd i gario mlaen ac yn mynd i fod yn ran mawr ohona fi am byth dwi'n meddwl.",NA
"6743","Mae hyn gyd yn rhan o'n brosiect Bitw Bach.","prosiect","mhrosiect","phrosiect","Mae hyn gyd yn rhan o'n prosiect Bitw Bach.","Mae hyn gyd yn rhan o'n mhrosiect Bitw Bach.","Mae hyn gyd yn rhan o'n phrosiect Bitw Bach."
"6751","Ddaru mi weld.","gweld","ngweld",NA,"Ddaru mi gweld.","Ddaru mi ngweld.",NA
"6803","Roedd cynlluniau hefyd i sefydlu sianel deledu ar wahân ar gyfer rhaglenni Cymraeg ond yn 1979 cyhoeddodd y Llywodraeth Geidwadol na fyddai'n cadw ei addewid i sefydlu'r fath sianel.","Ceidwadol","Ngheidwadol","Cheidwadol","Roedd cynlluniau hefyd i sefydlu sianel deledu ar wahân ar gyfer rhaglenni Cymraeg ond yn 1979 cyhoeddodd y Llywodraeth Ceidwadol na fyddai'n cadw ei addewid i sefydlu'r fath sianel.","Roedd cynlluniau hefyd i sefydlu sianel deledu ar wahân ar gyfer rhaglenni Cymraeg ond yn 1979 cyhoeddodd y Llywodraeth Ngheidwadol na fyddai'n cadw ei addewid i sefydlu'r fath sianel.","Roedd cynlluniau hefyd i sefydlu sianel deledu ar wahân ar gyfer rhaglenni Cymraeg ond yn 1979 cyhoeddodd y Llywodraeth Cheidwadol na fyddai'n cadw ei addewid i sefydlu'r fath sianel."
"6812","Mae'r ""ddôl"" o wair môr yn gorchuddio 180 cilomedr sgwâr.","dôl","nôl",NA,"Mae'r ""dôl"" o wair môr yn gorchuddio 180 cilomedr sgwâr.","Mae'r ""nôl"" o wair môr yn gorchuddio 180 cilomedr sgwâr.",NA
"7056","Rydym wedi gweld yn ddiweddar na allwn gymryd ein unig sianel deledu Gymraeg yn ganiataol, ein sianel ni, ein cyfrwng ni i fynegi'n hunain.","Cymraeg","Nghymraeg","Chymraeg","Rydym wedi gweld yn ddiweddar na allwn gymryd ein unig sianel deledu Cymraeg yn ganiataol, ein sianel ni, ein cyfrwng ni i fynegi'n hunain.","Rydym wedi gweld yn ddiweddar na allwn gymryd ein unig sianel deledu Nghymraeg yn ganiataol, ein sianel ni, ein cyfrwng ni i fynegi'n hunain.","Rydym wedi gweld yn ddiweddar na allwn gymryd ein unig sianel deledu Chymraeg yn ganiataol, ein sianel ni, ein cyfrwng ni i fynegi'n hunain."
"84","Fe fydd lle teilwng i'r iaith Wyddeleg unwaith eto mewn gŵyl gerddorol penwythnos nesaf, diolch i waith diflino'r mudiad Conradh na Gaeilge.","Gwyddeleg","Ngwyddeleg",NA,"Fe fydd lle teilwng i'r iaith Gwyddeleg unwaith eto mewn gŵyl gerddorol penwythnos nesaf, diolch i waith diflino'r mudiad Conradh na Gaeilge.","Fe fydd lle teilwng i'r iaith Ngwyddeleg unwaith eto mewn gŵyl gerddorol penwythnos nesaf, diolch i waith diflino'r mudiad Conradh na Gaeilge.",NA
"91","Mi welais y ferch na thalodd ddim am ei bwyd.","gwelais","ngwelais",NA,"Mi gwelais y ferch na thalodd ddim am ei bwyd.","Mi ngwelais y ferch na thalodd ddim am ei bwyd.",NA
"108","Ymhen dwy flynedd clywais i bod na ddrama Gymraeg ar y gweill ynglyn â nyrsys - a nyrsys canser yn benodol.","Cymraeg","Nghymraeg","Chymraeg","Ymhen dwy flynedd clywais i bod na ddrama Cymraeg ar y gweill ynglyn â nyrsys - a nyrsys canser yn benodol.","Ymhen dwy flynedd clywais i bod na ddrama Nghymraeg ar y gweill ynglyn â nyrsys - a nyrsys canser yn benodol.","Ymhen dwy flynedd clywais i bod na ddrama Chymraeg ar y gweill ynglyn â nyrsys - a nyrsys canser yn benodol."
"137","Welson ni mo'r ddamwain.","Gwelson","Ngwelson",NA,"Gwelson ni mo'r ddamwain.","Ngwelson ni mo'r ddamwain.",NA
"169","Tyfodd i fod yn dref marchnad i Lŷn gyfan, fel y tystia'r safle a adwaenir fel ""Y Maes"" lle y cynhelid y ffeiriau, a ""Stryd Moch"".","Llŷn",NA,NA,"Tyfodd i fod yn dref marchnad i Llŷn gyfan, fel y tystia'r safle a adwaenir fel ""Y Maes"" lle y cynhelid y ffeiriau, a ""Stryd Moch"".",NA,NA
"186","Mae 'na lot o chwyn y tyfu yn yr ardd.","cwyn","gwyn","nghwyn","Mae 'na lot o cwyn y tyfu yn yr ardd.","Mae 'na lot o gwyn y tyfu yn yr ardd.","Mae 'na lot o nghwyn y tyfu yn yr ardd."
"205","Mae'r ardal wedi profi oes y tywysogion canoloesol, gormes y Llychlynwyr, ymgyrchoedd rhyfelgar y Sacsoniaid Eingl ar Normaniaid a thrwy flynyddoedd y chwyldro diwydiannol i'r cyfnod modern.","blynyddoedd","mlynyddoedd",NA,"Mae'r ardal wedi profi oes y tywysogion canoloesol, gormes y Llychlynwyr, ymgyrchoedd rhyfelgar y Sacsoniaid Eingl ar Normaniaid a thrwy blynyddoedd y chwyldro diwydiannol i'r cyfnod modern.","Mae'r ardal wedi profi oes y tywysogion canoloesol, gormes y Llychlynwyr, ymgyrchoedd rhyfelgar y Sacsoniaid Eingl ar Normaniaid a thrwy mlynyddoedd y chwyldro diwydiannol i'r cyfnod modern.",NA
"232","Roedd ei gyfnod o ddeuddeg mlynedd ar hugain yn Feuryn yn rhan allweddol o hynny, ac rwyf wedi clywed droeon gan gyfeillion o feirdd am y wefr amhrisiadwy a gaent o dderbyn canmoliaeth Gerallt yn y Talwrn.","gwefr","ngwefr",NA,"Roedd ei gyfnod o ddeuddeg mlynedd ar hugain yn Feuryn yn rhan allweddol o hynny, ac rwyf wedi clywed droeon gan gyfeillion o feirdd am y gwefr amhrisiadwy a gaent o dderbyn canmoliaeth Gerallt yn y Talwrn.","Roedd ei gyfnod o ddeuddeg mlynedd ar hugain yn Feuryn yn rhan allweddol o hynny, ac rwyf wedi clywed droeon gan gyfeillion o feirdd am y ngwefr amhrisiadwy a gaent o dderbyn canmoliaeth Gerallt yn y Talwrn.",NA
"265","A dweud y gwir mae 'na ormod ononyn nhw.","gormod","ngormod",NA,"A dweud y gwir mae 'na gormod ononyn nhw.","A dweud y gwir mae 'na ngormod ononyn nhw.",NA
"312","Dyna leoliad y ffotograffydd pan dynnodd o'r llun yma, a Môr Iwerddon nid Afon Menai sydd rhyngddo fo ac Eryri.","lleoliad",NA,NA,"Dyna lleoliad y ffotograffydd pan dynnodd o'r llun yma, a Môr Iwerddon nid Afon Menai sydd rhyngddo fo ac Eryri.",NA,NA
"364","Mae'n bleser gen i felly gynnig oriel drawiadol i chi.","trawiadol","nhrawiadol","thrawiadol","Mae'n bleser gen i felly gynnig oriel trawiadol i chi.","Mae'n bleser gen i felly gynnig oriel nhrawiadol i chi.","Mae'n bleser gen i felly gynnig oriel thrawiadol i chi."
"420","Byddi ti'n yrrwr.","gyrrwr","ngyrrwr",NA,"Byddi ti'n gyrrwr.","Byddi ti'n ngyrrwr.",NA
"431","Rhaglen digon hamddenol ac adloniadol ydoedd, un a drafodai beth yw cryfder emosiynol y geiriau a'r alaw i wahanol bobl.","trafodai","nhrafodai","thrafodai","Rhaglen digon hamddenol ac adloniadol ydoedd, un a trafodai beth yw cryfder emosiynol y geiriau a'r alaw i wahanol bobl.","Rhaglen digon hamddenol ac adloniadol ydoedd, un a nhrafodai beth yw cryfder emosiynol y geiriau a'r alaw i wahanol bobl.","Rhaglen digon hamddenol ac adloniadol ydoedd, un a thrafodai beth yw cryfder emosiynol y geiriau a'r alaw i wahanol bobl."
"433","Saif y dref ar lain o dir arfordirol tua 2 milltir o hyd a hanner milltir o led yn wynebu Bae Conwy a Môr Iwerddon i'r gogledd.","llain",NA,NA,"Saif y dref ar llain o dir arfordirol tua 2 milltir o hyd a hanner milltir o led yn wynebu Bae Conwy a Môr Iwerddon i'r gogledd.",NA,NA
"461","Mi welais ddyn sy ddim yn gweithio o gwbl.","gwelais","ngwelais",NA,"Mi gwelais ddyn sy ddim yn gweithio o gwbl.","Mi ngwelais ddyn sy ddim yn gweithio o gwbl.",NA
"484","Drwy ddewis Prifysgol Aberystwyth byddwch yn dewis canolfan ddysg mewn lleoliad heb ei ail.","Trwy","Nhrwy","Thrwy","Trwy ddewis Prifysgol Aberystwyth byddwch yn dewis canolfan ddysg mewn lleoliad heb ei ail.","Nhrwy ddewis Prifysgol Aberystwyth byddwch yn dewis canolfan ddysg mewn lleoliad heb ei ail.","Thrwy ddewis Prifysgol Aberystwyth byddwch yn dewis canolfan ddysg mewn lleoliad heb ei ail."
"572","Dadansoddwyd y corpws i gynhyrchu cyfrifon amlder geiriau yn eu ffurf grai yn ogystal â chyfrifon o lemata lle mae pob arwydd wedi ei ddad-dreiglo a'i dagio yn ôl ei wreiddyn.","gwreiddyn","ngwreiddyn",NA,"Dadansoddwyd y corpws i gynhyrchu cyfrifon amlder geiriau yn eu ffurf grai yn ogystal â chyfrifon o lemata lle mae pob arwydd wedi ei ddad-dreiglo a'i dagio yn ôl ei gwreiddyn.","Dadansoddwyd y corpws i gynhyrchu cyfrifon amlder geiriau yn eu ffurf grai yn ogystal â chyfrifon o lemata lle mae pob arwydd wedi ei ddad-dreiglo a'i dagio yn ôl ei ngwreiddyn.",NA
"595","Nid oes ryfedd eu bod, i bob pwrpas, yn codi dau fys ar y wasg.","rhyfedd",NA,NA,"Nid oes rhyfedd eu bod, i bob pwrpas, yn codi dau fys ar y wasg.",NA,NA
"606","Mae'n ymddangos fod y delyn Gymreig yn y bymthegfed a'r unfed ganrif ar bymtheg â cholofn syth iddi gyda'r seinflwch wedi ei naddu o un darn o gelynen neu ywen.","Cymreig","Nghymreig","Chymreig","Mae'n ymddangos fod y delyn Cymreig yn y bymthegfed a'r unfed ganrif ar bymtheg â cholofn syth iddi gyda'r seinflwch wedi ei naddu o un darn o gelynen neu ywen.","Mae'n ymddangos fod y delyn Nghymreig yn y bymthegfed a'r unfed ganrif ar bymtheg â cholofn syth iddi gyda'r seinflwch wedi ei naddu o un darn o gelynen neu ywen.","Mae'n ymddangos fod y delyn Chymreig yn y bymthegfed a'r unfed ganrif ar bymtheg â cholofn syth iddi gyda'r seinflwch wedi ei naddu o un darn o gelynen neu ywen."
"640","Ond gall y Cymro call fynd drwy fywyd heb eu defnyddio o gwbl.","trwy","nhrwy","thrwy","Ond gall y Cymro call fynd trwy fywyd heb eu defnyddio o gwbl.","Ond gall y Cymro call fynd nhrwy fywyd heb eu defnyddio o gwbl.","Ond gall y Cymro call fynd thrwy fywyd heb eu defnyddio o gwbl."
"701","Cytunir i'r briodas, ond yn ystod y wledd i'w dathlu mae Efnysien, hanner brawd Branwen, yn cyrraedd y llys.","gwledd","ngwledd",NA,"Cytunir i'r briodas, ond yn ystod y gwledd i'w dathlu mae Efnysien, hanner brawd Branwen, yn cyrraedd y llys.","Cytunir i'r briodas, ond yn ystod y ngwledd i'w dathlu mae Efnysien, hanner brawd Branwen, yn cyrraedd y llys.",NA
"763","Jyst isio bod yn siwr o niferoedd cyn i mi fwcio stafell.","bwcio","mwcio",NA,"Jyst isio bod yn siwr o niferoedd cyn i mi bwcio stafell.","Jyst isio bod yn siwr o niferoedd cyn i mi mwcio stafell.",NA
"769","Cafodd Arfon weld â'i lygaid ei hun pa mor weithgar ac ymroddgar oedd y ddau wrth geisio diogelu'r caneuon gwerin yma.","llygaid",NA,NA,"Cafodd Arfon weld â'i llygaid ei hun pa mor weithgar ac ymroddgar oedd y ddau wrth geisio diogelu'r caneuon gwerin yma.",NA,NA
"794","Derbyniaf ei bod yn rhaid peidio â chael dim mwy o oedi diangen cyn symud ymlaen, ond cofiaf hefyd rai o weithredoedd eich Llywodraeth chi, pan welsom gwtogi gwasanaethau flwyddyn ar ôl blwyddyn.","blwyddyn","mlwyddyn",NA,"Derbyniaf ei bod yn rhaid peidio â chael dim mwy o oedi diangen cyn symud ymlaen, ond cofiaf hefyd rai o weithredoedd eich Llywodraeth chi, pan welsom gwtogi gwasanaethau blwyddyn ar ôl blwyddyn.","Derbyniaf ei bod yn rhaid peidio â chael dim mwy o oedi diangen cyn symud ymlaen, ond cofiaf hefyd rai o weithredoedd eich Llywodraeth chi, pan welsom gwtogi gwasanaethau mlwyddyn ar ôl blwyddyn.",NA
"853","Yn y gwesty hwn y bu'r tîm a goncrodd Everest ym 1953 yn aros tra'r oeddent yn ymarfer ar yr Wyddfa.","concrodd","nghoncrodd","choncrodd","Yn y gwesty hwn y bu'r tîm a concrodd Everest ym 1953 yn aros tra'r oeddent yn ymarfer ar yr Wyddfa.","Yn y gwesty hwn y bu'r tîm a nghoncrodd Everest ym 1953 yn aros tra'r oeddent yn ymarfer ar yr Wyddfa.","Yn y gwesty hwn y bu'r tîm a choncrodd Everest ym 1953 yn aros tra'r oeddent yn ymarfer ar yr Wyddfa."
"859","Gyfeillion, rwyf wedi gweithio i Lywodraeth Cymru!","Cyfeillion","Nghyfeillion","Chyfeillion","Cyfeillion, rwyf wedi gweithio i Lywodraeth Cymru!","Nghyfeillion, rwyf wedi gweithio i Lywodraeth Cymru!","Chyfeillion, rwyf wedi gweithio i Lywodraeth Cymru!"
"942","Dyma'n ffordd o ddangos fod yr ieithoedd yn esblygu, fel ag yr ydym ni fel pobl yn esblygu.","bod","mod",NA,"Dyma'n ffordd o ddangos bod yr ieithoedd yn esblygu, fel ag yr ydym ni fel pobl yn esblygu.","Dyma'n ffordd o ddangos mod yr ieithoedd yn esblygu, fel ag yr ydym ni fel pobl yn esblygu.",NA
"944","Ar ôl dwy flynedd o drefnu arlwy yn yr iaith Wyddeleg, bydd Croí Na Féile yn rhan annatod o'r Electric Picnic yn sir Laois, gŵyl gerddorol fawr fydd yn gweld enwau mawr fel Arctic Monkeys, Snow Patrol, Anne-Marie a The Kooks yn perfformio yn Saesneg.","Gwyddeleg","Ngwyddeleg",NA,"Ar ôl dwy flynedd o drefnu arlwy yn yr iaith Gwyddeleg, bydd Croí Na Féile yn rhan annatod o'r Electric Picnic yn sir Laois, gŵyl gerddorol fawr fydd yn gweld enwau mawr fel Arctic Monkeys, Snow Patrol, Anne-Marie a The Kooks yn perfformio yn Saesneg.","Ar ôl dwy flynedd o drefnu arlwy yn yr iaith Ngwyddeleg, bydd Croí Na Féile yn rhan annatod o'r Electric Picnic yn sir Laois, gŵyl gerddorol fawr fydd yn gweld enwau mawr fel Arctic Monkeys, Snow Patrol, Anne-Marie a The Kooks yn perfformio yn Saesneg.",NA
"969","Mi welith hi na dydw i ddim yn anhapus.","gwelith","ngwelith",NA,"Mi gwelith hi na dydw i ddim yn anhapus.","Mi ngwelith hi na dydw i ddim yn anhapus.",NA
"976","Mae gan Fangor y stryd fawr hiraf yng Nghymru, gyda chymysg o siopau cenedlaethol a busnesau lleol bychan.","Bangor","Mangor",NA,"Mae gan Bangor y stryd fawr hiraf yng Nghymru, gyda chymysg o siopau cenedlaethol a busnesau lleol bychan.","Mae gan Mangor y stryd fawr hiraf yng Nghymru, gyda chymysg o siopau cenedlaethol a busnesau lleol bychan.",NA
"986","Cerdyn sydd wedi ei ddylunio er mwyn ei osod mewn pwrs neu mewn poced, ac yn cynnwys rhif cyswllt sydd ar gael 24 awr y dydd yn nodi bod deiliad y cerdyn yn Ofalwr ac yn rhoi gwybod bod rhywun yn dibynnu arno ef neu arni hi.","Gofalwr","Ngofalwr",NA,"Cerdyn sydd wedi ei ddylunio er mwyn ei osod mewn pwrs neu mewn poced, ac yn cynnwys rhif cyswllt sydd ar gael 24 awr y dydd yn nodi bod deiliad y cerdyn yn Gofalwr ac yn rhoi gwybod bod rhywun yn dibynnu arno ef neu arni hi.","Cerdyn sydd wedi ei ddylunio er mwyn ei osod mewn pwrs neu mewn poced, ac yn cynnwys rhif cyswllt sydd ar gael 24 awr y dydd yn nodi bod deiliad y cerdyn yn Ngofalwr ac yn rhoi gwybod bod rhywun yn dibynnu arno ef neu arni hi.",NA
"987","Cafwyd cynhadledd stormus ym 1949, gyda rhai aelodau adain-chwith yn teimlo fod gormod o bwyslais ar yr iaith Gymraeg a'r ardaloedd gwledig, a rhai yn beirniadu heddychaeth Gwynfor Evans.","bod","mod",NA,"Cafwyd cynhadledd stormus ym 1949, gyda rhai aelodau adain-chwith yn teimlo bod gormod o bwyslais ar yr iaith Gymraeg a'r ardaloedd gwledig, a rhai yn beirniadu heddychaeth Gwynfor Evans.","Cafwyd cynhadledd stormus ym 1949, gyda rhai aelodau adain-chwith yn teimlo mod gormod o bwyslais ar yr iaith Gymraeg a'r ardaloedd gwledig, a rhai yn beirniadu heddychaeth Gwynfor Evans.",NA
"1029","Ges i fy nghusan gyntaf erioed ar deledu, ar y gyfres Gwaith Cartref...roedd hi'n gusan dda iawn hefyd!","Ces","Nghes","Ches","Ces i fy nghusan gyntaf erioed ar deledu, ar y gyfres Gwaith Cartref...roedd hi'n gusan dda iawn hefyd!","Nghes i fy nghusan gyntaf erioed ar deledu, ar y gyfres Gwaith Cartref...roedd hi'n gusan dda iawn hefyd!","Ches i fy nghusan gyntaf erioed ar deledu, ar y gyfres Gwaith Cartref...roedd hi'n gusan dda iawn hefyd!"
"1045","Byddech yn cael maddeuant am feddwl na all Eryri ond gael eu fwynhau yn iawn yn yr haf; wedi'r cyfan, dyna pan fydd y tywydd yn debygol o fod yn well (yn ddamcaniaethol o leiaf!).","cael","nghael","chael","Byddech yn cael maddeuant am feddwl na all Eryri ond cael eu fwynhau yn iawn yn yr haf; wedi'r cyfan, dyna pan fydd y tywydd yn debygol o fod yn well (yn ddamcaniaethol o leiaf!).","Byddech yn cael maddeuant am feddwl na all Eryri ond nghael eu fwynhau yn iawn yn yr haf; wedi'r cyfan, dyna pan fydd y tywydd yn debygol o fod yn well (yn ddamcaniaethol o leiaf!).","Byddech yn cael maddeuant am feddwl na all Eryri ond chael eu fwynhau yn iawn yn yr haf; wedi'r cyfan, dyna pan fydd y tywydd yn debygol o fod yn well (yn ddamcaniaethol o leiaf!)."
"1140","Geiriau'r Cynghorydd Miles yn swnio fel robot yn darllen brawddeg wedi ei baratoi ar ei chyfer.","paratoi","mharatoi","pharatoi","Geiriau'r Cynghorydd Miles yn swnio fel robot yn darllen brawddeg wedi ei paratoi ar ei chyfer.","Geiriau'r Cynghorydd Miles yn swnio fel robot yn darllen brawddeg wedi ei mharatoi ar ei chyfer.","Geiriau'r Cynghorydd Miles yn swnio fel robot yn darllen brawddeg wedi ei pharatoi ar ei chyfer."
"1177","Iawn, dim probs, ddylai nhw i gyd fod yno rŵan.","dylai","nylai",NA,"Iawn, dim probs, dylai nhw i gyd fod yno rŵan.","Iawn, dim probs, nylai nhw i gyd fod yno rŵan.",NA
"1185","Yn ddiddorol, mae'r ddrama yn cyfathrebu nid oes un ymgyrch wleidyddol, er gwaethaf ei hamcanion egwyddorol, sy'n amddifad o waed ar eu dwylo.","gwleidyddol","ngwleidyddol",NA,"Yn ddiddorol, mae'r ddrama yn cyfathrebu nid oes un ymgyrch gwleidyddol, er gwaethaf ei hamcanion egwyddorol, sy'n amddifad o waed ar eu dwylo.","Yn ddiddorol, mae'r ddrama yn cyfathrebu nid oes un ymgyrch ngwleidyddol, er gwaethaf ei hamcanion egwyddorol, sy'n amddifad o waed ar eu dwylo.",NA
"1205","Roedd nifer o gynghorwyr ac uwch-swyddogion y cyngor sir yn yr Eisteddfod ben bore Sadwrn cyntaf yr Eisteddfod er mwyn croesawu pobol i ""Bentref Wrecsam"" ar y Maes.","Pentref","Mhentref","Phentref","Roedd nifer o gynghorwyr ac uwch-swyddogion y cyngor sir yn yr Eisteddfod ben bore Sadwrn cyntaf yr Eisteddfod er mwyn croesawu pobol i ""Pentref Wrecsam"" ar y Maes.","Roedd nifer o gynghorwyr ac uwch-swyddogion y cyngor sir yn yr Eisteddfod ben bore Sadwrn cyntaf yr Eisteddfod er mwyn croesawu pobol i ""Mhentref Wrecsam"" ar y Maes.","Roedd nifer o gynghorwyr ac uwch-swyddogion y cyngor sir yn yr Eisteddfod ben bore Sadwrn cyntaf yr Eisteddfod er mwyn croesawu pobol i ""Phentref Wrecsam"" ar y Maes."
"1257","Collodd Powys cryn dipyn o'i thiriogaeth, oedd yn arfer ymestyn i'r dwyrain o'r ffin bresennol, gan gynnwys yr hen ganolfan, Pengwern.","tiriogaeth","diriogaeth","nhiriogaeth","Collodd Powys cryn dipyn o'i tiriogaeth, oedd yn arfer ymestyn i'r dwyrain o'r ffin bresennol, gan gynnwys yr hen ganolfan, Pengwern.","Collodd Powys cryn dipyn o'i diriogaeth, oedd yn arfer ymestyn i'r dwyrain o'r ffin bresennol, gan gynnwys yr hen ganolfan, Pengwern.","Collodd Powys cryn dipyn o'i nhiriogaeth, oedd yn arfer ymestyn i'r dwyrain o'r ffin bresennol, gan gynnwys yr hen ganolfan, Pengwern."
"1293","Mae rhywbeth hudolus am raeadr.","rhaeadr",NA,NA,"Mae rhywbeth hudolus am rhaeadr.",NA,NA
"1309","Fuoch chi'n pendroni pa anrheg Nadolig i'w brynu i aelod o'r teulu dros y misoedd diwethaf?","Buoch","Muoch",NA,"Buoch chi'n pendroni pa anrheg Nadolig i'w brynu i aelod o'r teulu dros y misoedd diwethaf?","Muoch chi'n pendroni pa anrheg Nadolig i'w brynu i aelod o'r teulu dros y misoedd diwethaf?",NA
"1333","Yn ôl rhagor o ddogfennau a ryddhawyd drwy geisiadau rhyddid gwybodaeth, ym mis Awst eleni anfonodd y Comisiynydd lythyr at Weinidog y Gymraeg yn brolio ei fod yn cynnal llai o ymchwiliadau i gwynion gan ddweud ei fod ""ddiolchgar"" i'r Gweinidog am ei ""harweiniad ar y mater"".","diolchgar","niolchgar",NA,"Yn ôl rhagor o ddogfennau a ryddhawyd drwy geisiadau rhyddid gwybodaeth, ym mis Awst eleni anfonodd y Comisiynydd lythyr at Weinidog y Gymraeg yn brolio ei fod yn cynnal llai o ymchwiliadau i gwynion gan ddweud ei fod ""diolchgar"" i'r Gweinidog am ei ""harweiniad ar y mater"".","Yn ôl rhagor o ddogfennau a ryddhawyd drwy geisiadau rhyddid gwybodaeth, ym mis Awst eleni anfonodd y Comisiynydd lythyr at Weinidog y Gymraeg yn brolio ei fod yn cynnal llai o ymchwiliadau i gwynion gan ddweud ei fod ""niolchgar"" i'r Gweinidog am ei ""harweiniad ar y mater"".",NA
"1371","O Fangor, mi fydd Jeremy Corbyn yn ymweld ag Aberconwy am ddau y prynhawn, cyn cynnal digwyddiad tebyg ym Mae Colwyn am 3.30.","Bangor","Mangor",NA,"O Bangor, mi fydd Jeremy Corbyn yn ymweld ag Aberconwy am ddau y prynhawn, cyn cynnal digwyddiad tebyg ym Mae Colwyn am 3.30.","O Mangor, mi fydd Jeremy Corbyn yn ymweld ag Aberconwy am ddau y prynhawn, cyn cynnal digwyddiad tebyg ym Mae Colwyn am 3.30.",NA
"1412","Mae un bore o salwch yn rhywbeth i rolio dy lygaid arni.","rholio",NA,NA,"Mae un bore o salwch yn rhywbeth i rholio dy lygaid arni.",NA,NA
"1464","Mae 'nhaith i'n dechrau, fel aml i un, drwy ddringo'n bwyllog drwy Ryduchaf a Llidiardau ar ffordd wledig yr Arenig; y mynydd hwnnw o 'mlaen i drwy'r amser, ac yna'r Aran i'w weld wrth edrych i'r chwith.","Rhyduchaf",NA,NA,"Mae 'nhaith i'n dechrau, fel aml i un, drwy ddringo'n bwyllog drwy Rhyduchaf a Llidiardau ar ffordd wledig yr Arenig; y mynydd hwnnw o 'mlaen i drwy'r amser, ac yna'r Aran i'w weld wrth edrych i'r chwith.",NA,NA
"1482","Oedd y gydfodolaeth heddychol rhwng brodorion y Tehuelche a'r Gwladfawyr Cymreig yn ddigwyddiad anghyffredin os nad yn unigryw yn hanes gwladychu cyfandiroedd America?","cydfodolaeth","nghydfodolaeth","chydfodolaeth","Oedd y cydfodolaeth heddychol rhwng brodorion y Tehuelche a'r Gwladfawyr Cymreig yn ddigwyddiad anghyffredin os nad yn unigryw yn hanes gwladychu cyfandiroedd America?","Oedd y nghydfodolaeth heddychol rhwng brodorion y Tehuelche a'r Gwladfawyr Cymreig yn ddigwyddiad anghyffredin os nad yn unigryw yn hanes gwladychu cyfandiroedd America?","Oedd y chydfodolaeth heddychol rhwng brodorion y Tehuelche a'r Gwladfawyr Cymreig yn ddigwyddiad anghyffredin os nad yn unigryw yn hanes gwladychu cyfandiroedd America?"
"1507","Mae'r holl waith adeiladu yn dilyn yr holl waith caled gan aelodau Cymdeithas Gymreig Trevelin i werthu darnau o dir er mwyn ariannu'r prosiect.","Cymreig","Nghymreig","Chymreig","Mae'r holl waith adeiladu yn dilyn yr holl waith caled gan aelodau Cymdeithas Cymreig Trevelin i werthu darnau o dir er mwyn ariannu'r prosiect.","Mae'r holl waith adeiladu yn dilyn yr holl waith caled gan aelodau Cymdeithas Nghymreig Trevelin i werthu darnau o dir er mwyn ariannu'r prosiect.","Mae'r holl waith adeiladu yn dilyn yr holl waith caled gan aelodau Cymdeithas Chymreig Trevelin i werthu darnau o dir er mwyn ariannu'r prosiect."
"1578","Mae copïau papur o'r holiadur hefyd ar gael o'r tair Siop Gwynedd - Swyddfa Dwyfor ym Mhwllheli, Swyddfa Penarlag yn Nolgellau a Stryd y Castell yng Nghaernarfon - ac o'ch llyfrgell neu ganolfan hamdden leol.","Dolgellau","Ddolgellau",NA,"Mae copïau papur o'r holiadur hefyd ar gael o'r tair Siop Gwynedd - Swyddfa Dwyfor ym Mhwllheli, Swyddfa Penarlag yn Dolgellau a Stryd y Castell yng Nghaernarfon - ac o'ch llyfrgell neu ganolfan hamdden leol.","Mae copïau papur o'r holiadur hefyd ar gael o'r tair Siop Gwynedd - Swyddfa Dwyfor ym Mhwllheli, Swyddfa Penarlag yn Ddolgellau a Stryd y Castell yng Nghaernarfon - ac o'ch llyfrgell neu ganolfan hamdden leol.",NA
"1610","Am inni wybod fod gweithred anghyfiawn wedi ei chyflawni yn erbyn trigolion Cwm Celyn.","cyflawni","gyflawni","nghyflawni","Am inni wybod fod gweithred anghyfiawn wedi ei cyflawni yn erbyn trigolion Cwm Celyn.","Am inni wybod fod gweithred anghyfiawn wedi ei gyflawni yn erbyn trigolion Cwm Celyn.","Am inni wybod fod gweithred anghyfiawn wedi ei nghyflawni yn erbyn trigolion Cwm Celyn."
"1634","Dw i'n cofio gwirioni ar y stori rhyfel a dychmygu mai fi oedd Hedd Wyn, ond yn fy nychymyg, i roedd Hedd Wyn yn cyrraedd Pilckem Ridge ac yn dychwelyd adref yn arwr i dderbyn ei gadair yn Eisteddfod Genedlaethol Penbedw.","dychymyg","ddychymyg",NA,"Dw i'n cofio gwirioni ar y stori rhyfel a dychmygu mai fi oedd Hedd Wyn, ond yn fy dychymyg, i roedd Hedd Wyn yn cyrraedd Pilckem Ridge ac yn dychwelyd adref yn arwr i dderbyn ei gadair yn Eisteddfod Genedlaethol Penbedw.","Dw i'n cofio gwirioni ar y stori rhyfel a dychmygu mai fi oedd Hedd Wyn, ond yn fy ddychymyg, i roedd Hedd Wyn yn cyrraedd Pilckem Ridge ac yn dychwelyd adref yn arwr i dderbyn ei gadair yn Eisteddfod Genedlaethol Penbedw.",NA
"1688","Bydd y dyraniad ychwanegol o gyllid yn ein galluogi ni i symud ymlaen â nifer o brosiectau y cytunwyd arnyn nhw yn flaenorol ar safleoedd ledled y Fwrdeistref Sirol.","Bwrdeistref","Mwrdeistref",NA,"Bydd y dyraniad ychwanegol o gyllid yn ein galluogi ni i symud ymlaen â nifer o brosiectau y cytunwyd arnyn nhw yn flaenorol ar safleoedd ledled y Bwrdeistref Sirol.","Bydd y dyraniad ychwanegol o gyllid yn ein galluogi ni i symud ymlaen â nifer o brosiectau y cytunwyd arnyn nhw yn flaenorol ar safleoedd ledled y Mwrdeistref Sirol.",NA
"1719","Yn gynharach eleni, darganfuwyd gohebiaeth oddi wrth Weinidog y Gymraeg at y Comisiynydd yn pwyso arno i gynnal llai o ymchwiliadau.","Gweinidog","Ngweinidog",NA,"Yn gynharach eleni, darganfuwyd gohebiaeth oddi wrth Gweinidog y Gymraeg at y Comisiynydd yn pwyso arno i gynnal llai o ymchwiliadau.","Yn gynharach eleni, darganfuwyd gohebiaeth oddi wrth Ngweinidog y Gymraeg at y Comisiynydd yn pwyso arno i gynnal llai o ymchwiliadau.",NA
"1726","Yn ôl ym mis Chwefror wrth droedio Cwm Brwynog cefais syniad a fyddai'n plethu fy niddordeb mewn anturiaethau a gofal diwedd oes, sef cerdded Llwybr y Pererinion o Lanberis i Aberdaron yn ystod Wythnos Ymwybyddiaeth Cymru Garedig 10fed – 16eg Mai, er mwyn codi arian at Hosbis Dewi Sant.","diddordeb","ddiddordeb",NA,"Yn ôl ym mis Chwefror wrth droedio Cwm Brwynog cefais syniad a fyddai'n plethu fy diddordeb mewn anturiaethau a gofal diwedd oes, sef cerdded Llwybr y Pererinion o Lanberis i Aberdaron yn ystod Wythnos Ymwybyddiaeth Cymru Garedig 10fed – 16eg Mai, er mwyn codi arian at Hosbis Dewi Sant.","Yn ôl ym mis Chwefror wrth droedio Cwm Brwynog cefais syniad a fyddai'n plethu fy ddiddordeb mewn anturiaethau a gofal diwedd oes, sef cerdded Llwybr y Pererinion o Lanberis i Aberdaron yn ystod Wythnos Ymwybyddiaeth Cymru Garedig 10fed – 16eg Mai, er mwyn codi arian at Hosbis Dewi Sant.",NA
"1731","Roedd ei fam, Florence Hannah Thomas, yn wniadwraig a anwyd yn Abertawe.","gwniadwraig","ngwniadwraig",NA,"Roedd ei fam, Florence Hannah Thomas, yn gwniadwraig a anwyd yn Abertawe.","Roedd ei fam, Florence Hannah Thomas, yn ngwniadwraig a anwyd yn Abertawe.",NA
"1857","""Mae'n gyfle i Gymry Cymraeg gymryd cam positif i gefnogi lansiad gwasg annibynnol Gymreig a Chymraeg fydd yn rhoi llais cryf i Gymru,"" meddai Wyn Williams sy'n un o'r Cyfeillion.","Cymreig","Nghymreig","Chymreig","""Mae'n gyfle i Gymry Cymraeg gymryd cam positif i gefnogi lansiad gwasg annibynnol Cymreig a Chymraeg fydd yn rhoi llais cryf i Gymru,"" meddai Wyn Williams sy'n un o'r Cyfeillion.","""Mae'n gyfle i Gymry Cymraeg gymryd cam positif i gefnogi lansiad gwasg annibynnol Nghymreig a Chymraeg fydd yn rhoi llais cryf i Gymru,"" meddai Wyn Williams sy'n un o'r Cyfeillion.","""Mae'n gyfle i Gymry Cymraeg gymryd cam positif i gefnogi lansiad gwasg annibynnol Chymreig a Chymraeg fydd yn rhoi llais cryf i Gymru,"" meddai Wyn Williams sy'n un o'r Cyfeillion."
"1897","Sioe gerdd yn seiliedig ar yr hen chwedl Wyddelig am y tywysog Osian a Nia Ben Aur, y ferch o Dir Na n-Og, yw Nia Ben Aur.","Gwyddelig","Ngwyddelig",NA,"Sioe gerdd yn seiliedig ar yr hen chwedl Gwyddelig am y tywysog Osian a Nia Ben Aur, y ferch o Dir Na n-Og, yw Nia Ben Aur.","Sioe gerdd yn seiliedig ar yr hen chwedl Ngwyddelig am y tywysog Osian a Nia Ben Aur, y ferch o Dir Na n-Og, yw Nia Ben Aur.",NA
"1940","Gellir chwifio baner Cymru, Triban yr Urdd neu faner Owain Glyndŵr ar yr orymdaith hefyd.","baner","maner",NA,"Gellir chwifio baner Cymru, Triban yr Urdd neu baner Owain Glyndŵr ar yr orymdaith hefyd.","Gellir chwifio baner Cymru, Triban yr Urdd neu maner Owain Glyndŵr ar yr orymdaith hefyd.",NA
"1945","""Dw i isio gwneud yn siŵr fod pob dim yn cario ymlaen – bod niferoedd ddim yn gwaethygu pan na fyddwn ym Mhantycelyn,"" meddai wedyn.","bod","mod",NA,"""Dw i isio gwneud yn siŵr bod pob dim yn cario ymlaen – bod niferoedd ddim yn gwaethygu pan na fyddwn ym Mhantycelyn,"" meddai wedyn.","""Dw i isio gwneud yn siŵr mod pob dim yn cario ymlaen – bod niferoedd ddim yn gwaethygu pan na fyddwn ym Mhantycelyn,"" meddai wedyn.",NA
"1996","Wedyn yn goron ar y cyfan bu i'r comedïwr Michael McIntyre ddefnyddio ei raglen sgwrs ar BBC1 i gymharu'r iaith Gymraeg â Pingu, gan honni nad oedd neb ond Alex Jones yn ei siarad, gyda'r gynulleidfa yn morio chwerthin yn gefndirol ar ei sylwadau ffraeth.","rhaglen",NA,NA,"Wedyn yn goron ar y cyfan bu i'r comedïwr Michael McIntyre ddefnyddio ei rhaglen sgwrs ar BBC1 i gymharu'r iaith Gymraeg â Pingu, gan honni nad oedd neb ond Alex Jones yn ei siarad, gyda'r gynulleidfa yn morio chwerthin yn gefndirol ar ei sylwadau ffraeth.",NA,NA
"2031","Chlywodd e monot ti.","Clywodd","Glywodd","Nghlywodd","Clywodd e monot ti.","Glywodd e monot ti.","Nghlywodd e monot ti."
"2129","Yng nghorff y llyfr ymdrinir â rhai materion ieithyddol, gan ganolbwyntio ar wendidau a welir heddiw oherwydd sefyllfa'r Cymro, ond gwendidau y gellir eu cywiro i gyd, dim ond arfer ychydig o synnwyr.","gwendidau","ngwendidau",NA,"Yng nghorff y llyfr ymdrinir â rhai materion ieithyddol, gan ganolbwyntio ar gwendidau a welir heddiw oherwydd sefyllfa'r Cymro, ond gwendidau y gellir eu cywiro i gyd, dim ond arfer ychydig o synnwyr.","Yng nghorff y llyfr ymdrinir â rhai materion ieithyddol, gan ganolbwyntio ar ngwendidau a welir heddiw oherwydd sefyllfa'r Cymro, ond gwendidau y gellir eu cywiro i gyd, dim ond arfer ychydig o synnwyr.",NA
"2135","Wrth i'r chwarel dyfu tyrrodd gweithwyr a'u teuluoedd i Benmaenmawr o bob cwr o ogledd-orllewin Cymru a thu hwnt.","Penmaenmawr","Mhenmaenmawr","Phenmaenmawr","Wrth i'r chwarel dyfu tyrrodd gweithwyr a'u teuluoedd i Penmaenmawr o bob cwr o ogledd-orllewin Cymru a thu hwnt.","Wrth i'r chwarel dyfu tyrrodd gweithwyr a'u teuluoedd i Mhenmaenmawr o bob cwr o ogledd-orllewin Cymru a thu hwnt.","Wrth i'r chwarel dyfu tyrrodd gweithwyr a'u teuluoedd i Phenmaenmawr o bob cwr o ogledd-orllewin Cymru a thu hwnt."
"2136","Hefyd, dylech bob amser wisgo menig wrth drin gwrthrychau.","gwisgo","ngwisgo",NA,"Hefyd, dylech bob amser gwisgo menig wrth drin gwrthrychau.","Hefyd, dylech bob amser ngwisgo menig wrth drin gwrthrychau.",NA
"2142","Er mae peth gwaith ar ôl i orffen y lle gwag a adawyd gan yr adeiladau a losgodd.","gadawyd","ngadawyd",NA,"Er mae peth gwaith ar ôl i orffen y lle gwag a gadawyd gan yr adeiladau a losgodd.","Er mae peth gwaith ar ôl i orffen y lle gwag a ngadawyd gan yr adeiladau a losgodd.",NA
"2170","Yr hyn a wneir fel rheol yw i ddau berson fynd i mewn i'r guddfan ac un yn dod allan, fel bod yr adar yn credu fod pawb wedi mynd.","cuddfan","nghuddfan","chuddfan","Yr hyn a wneir fel rheol yw i ddau berson fynd i mewn i'r cuddfan ac un yn dod allan, fel bod yr adar yn credu fod pawb wedi mynd.","Yr hyn a wneir fel rheol yw i ddau berson fynd i mewn i'r nghuddfan ac un yn dod allan, fel bod yr adar yn credu fod pawb wedi mynd.","Yr hyn a wneir fel rheol yw i ddau berson fynd i mewn i'r chuddfan ac un yn dod allan, fel bod yr adar yn credu fod pawb wedi mynd."
"2261","Mae'n un o dri pharc cenedlaethol yng Nghymru (gweler hefyd Bannau Brycheiniog a Phenfro).","parc","barc","mharc","Mae'n un o dri parc cenedlaethol yng Nghymru (gweler hefyd Bannau Brycheiniog a Phenfro).","Mae'n un o dri barc cenedlaethol yng Nghymru (gweler hefyd Bannau Brycheiniog a Phenfro).","Mae'n un o dri mharc cenedlaethol yng Nghymru (gweler hefyd Bannau Brycheiniog a Phenfro)."
"2293","Os am gymdeithasu yn Gymraeg beth am ymuno ag Adran neu Uwch Adran lle gellid wneud amrywiol weithgareddau yn wythnosol!","gweithgareddau","ngweithgareddau",NA,"Os am gymdeithasu yn Gymraeg beth am ymuno ag Adran neu Uwch Adran lle gellid wneud amrywiol gweithgareddau yn wythnosol!","Os am gymdeithasu yn Gymraeg beth am ymuno ag Adran neu Uwch Adran lle gellid wneud amrywiol ngweithgareddau yn wythnosol!",NA
"2327","Tu hwnt i'r arwydd, yn wynebu pawb sy'n cyrraedd y dref, mae canolfan wybodaeth a thair baner yn chwifio.","gwybodaeth","ngwybodaeth",NA,"Tu hwnt i'r arwydd, yn wynebu pawb sy'n cyrraedd y dref, mae canolfan gwybodaeth a thair baner yn chwifio.","Tu hwnt i'r arwydd, yn wynebu pawb sy'n cyrraedd y dref, mae canolfan ngwybodaeth a thair baner yn chwifio.",NA
"2334","Ar ôl cael ail wynt, mae canol y dref yn galw.","gwynt","ngwynt",NA,"Ar ôl cael ail gwynt, mae canol y dref yn galw.","Ar ôl cael ail ngwynt, mae canol y dref yn galw.",NA
"2339","Caewyd y ddau gapel ym mis Mehefin, gan uno'r aelodaeth a dechrau achos newydd yng Nghapel Coch.","capel","nghapel","chapel","Caewyd y ddau capel ym mis Mehefin, gan uno'r aelodaeth a dechrau achos newydd yng Nghapel Coch.","Caewyd y ddau nghapel ym mis Mehefin, gan uno'r aelodaeth a dechrau achos newydd yng Nghapel Coch.","Caewyd y ddau chapel ym mis Mehefin, gan uno'r aelodaeth a dechrau achos newydd yng Nghapel Coch."
"2360","Ei gerdd enwocaf, o bosib, yw ""Fy Ngwlad"", ac yn ddiweddar clywais glip radio o Dafydd Iwan yn ei darllen gerbron cynulleidfa fawr yn Eisteddfod yr Urdd Aberystwyth 1969.","clip","nghlip","chlip","Ei gerdd enwocaf, o bosib, yw ""Fy Ngwlad"", ac yn ddiweddar clywais clip radio o Dafydd Iwan yn ei darllen gerbron cynulleidfa fawr yn Eisteddfod yr Urdd Aberystwyth 1969.","Ei gerdd enwocaf, o bosib, yw ""Fy Ngwlad"", ac yn ddiweddar clywais nghlip radio o Dafydd Iwan yn ei darllen gerbron cynulleidfa fawr yn Eisteddfod yr Urdd Aberystwyth 1969.","Ei gerdd enwocaf, o bosib, yw ""Fy Ngwlad"", ac yn ddiweddar clywais chlip radio o Dafydd Iwan yn ei darllen gerbron cynulleidfa fawr yn Eisteddfod yr Urdd Aberystwyth 1969."
"2409","Bydd tair o ferched o Batagonia yn dod i Gymru dros yr haf er mwyn astudio'r Gymraeg, diolch i ysgoloriaethau gwerth £2000 yr un gan y Ganolfan Dysgu Cymraeg Genedlaethol.","Patagonia","Mhatagonia","Phatagonia","Bydd tair o ferched o Patagonia yn dod i Gymru dros yr haf er mwyn astudio'r Gymraeg, diolch i ysgoloriaethau gwerth £2000 yr un gan y Ganolfan Dysgu Cymraeg Genedlaethol.","Bydd tair o ferched o Mhatagonia yn dod i Gymru dros yr haf er mwyn astudio'r Gymraeg, diolch i ysgoloriaethau gwerth £2000 yr un gan y Ganolfan Dysgu Cymraeg Genedlaethol.","Bydd tair o ferched o Phatagonia yn dod i Gymru dros yr haf er mwyn astudio'r Gymraeg, diolch i ysgoloriaethau gwerth £2000 yr un gan y Ganolfan Dysgu Cymraeg Genedlaethol."
"2421","Roedd y gynulleidfa yn gwisgo masgiau ac roedden nhw wedi'u pellhau'n gymdeithasol yn unol â rheolau Covid, gyda'r Frenhines yn eistedd ar ei phen ei hun.","pen","ben","mhen","Roedd y gynulleidfa yn gwisgo masgiau ac roedden nhw wedi'u pellhau'n gymdeithasol yn unol â rheolau Covid, gyda'r Frenhines yn eistedd ar ei pen ei hun.","Roedd y gynulleidfa yn gwisgo masgiau ac roedden nhw wedi'u pellhau'n gymdeithasol yn unol â rheolau Covid, gyda'r Frenhines yn eistedd ar ei ben ei hun.","Roedd y gynulleidfa yn gwisgo masgiau ac roedden nhw wedi'u pellhau'n gymdeithasol yn unol â rheolau Covid, gyda'r Frenhines yn eistedd ar ei mhen ei hun."
"2470","Edrychwn ymlaen yn fawr i wrando ar anerchiad y Llywydd, y Prifardd Myrddin ap Dafydd, ac yr ydym yn ddiolchgar iddo am sicrhau amser yn nyddiadur prysur yr Archdderwydd i ymweld â Chyfeillion GPC, sydd yn ymfalchïo yn ei benodiad i'r swydd ac yn ei longyfarch yn fawr.","dyddiadur","ddyddiadur",NA,"Edrychwn ymlaen yn fawr i wrando ar anerchiad y Llywydd, y Prifardd Myrddin ap Dafydd, ac yr ydym yn ddiolchgar iddo am sicrhau amser yn dyddiadur prysur yr Archdderwydd i ymweld â Chyfeillion GPC, sydd yn ymfalchïo yn ei benodiad i'r swydd ac yn ei longyfarch yn fawr.","Edrychwn ymlaen yn fawr i wrando ar anerchiad y Llywydd, y Prifardd Myrddin ap Dafydd, ac yr ydym yn ddiolchgar iddo am sicrhau amser yn ddyddiadur prysur yr Archdderwydd i ymweld â Chyfeillion GPC, sydd yn ymfalchïo yn ei benodiad i'r swydd ac yn ei longyfarch yn fawr.",NA
"2554","Ers dysgu siarad Cymraeg gwta chwe blynedd yn ôl, mae cyfreithiwr o Fanceinion wedi ysgrifennu nofel Gymraeg, meistroli'r gynghanedd, creu cynllun i ddiogelu enwau tai, a rhyddhau dwy albwm yn Iaith y Nefoedd.","Cymraeg","Nghymraeg","Chymraeg","Ers dysgu siarad Cymraeg gwta chwe blynedd yn ôl, mae cyfreithiwr o Fanceinion wedi ysgrifennu nofel Cymraeg, meistroli'r gynghanedd, creu cynllun i ddiogelu enwau tai, a rhyddhau dwy albwm yn Iaith y Nefoedd.","Ers dysgu siarad Cymraeg gwta chwe blynedd yn ôl, mae cyfreithiwr o Fanceinion wedi ysgrifennu nofel Nghymraeg, meistroli'r gynghanedd, creu cynllun i ddiogelu enwau tai, a rhyddhau dwy albwm yn Iaith y Nefoedd.","Ers dysgu siarad Cymraeg gwta chwe blynedd yn ôl, mae cyfreithiwr o Fanceinion wedi ysgrifennu nofel Chymraeg, meistroli'r gynghanedd, creu cynllun i ddiogelu enwau tai, a rhyddhau dwy albwm yn Iaith y Nefoedd."
"2584","Gruffudd a orfu gan ladd Hywel ger aber yr afon Tywi.","gorfu","ngorfu",NA,"Gruffudd a gorfu gan ladd Hywel ger aber yr afon Tywi.","Gruffudd a ngorfu gan ladd Hywel ger aber yr afon Tywi.",NA
"2588","Fe weithiodd y gantores Alys Williams gydag Elise Jones, cantores ifanc o Fangor, i ddod â'r gymuned ynghyd i ddathlu Nadolig sy'n wahanol iawn inni gyd, ac i orffen 2020 ar nodyn uchel!","gweithiodd","ngweithiodd",NA,"Fe gweithiodd y gantores Alys Williams gydag Elise Jones, cantores ifanc o Fangor, i ddod â'r gymuned ynghyd i ddathlu Nadolig sy'n wahanol iawn inni gyd, ac i orffen 2020 ar nodyn uchel!","Fe ngweithiodd y gantores Alys Williams gydag Elise Jones, cantores ifanc o Fangor, i ddod â'r gymuned ynghyd i ddathlu Nadolig sy'n wahanol iawn inni gyd, ac i orffen 2020 ar nodyn uchel!",NA
"2615","Mae'n un o dri pharc cenedlaethol yng Nghymru (gweler hefyd Bannau Brycheiniog a Phenfro).","Penfro","Benfro","Mhenfro","Mae'n un o dri pharc cenedlaethol yng Nghymru (gweler hefyd Bannau Brycheiniog a Penfro).","Mae'n un o dri pharc cenedlaethol yng Nghymru (gweler hefyd Bannau Brycheiniog a Benfro).","Mae'n un o dri pharc cenedlaethol yng Nghymru (gweler hefyd Bannau Brycheiniog a Mhenfro)."
"2654","Dyna leoliad Darren pan dynnodd o'r lluniau yma wrth iddi fachlud ar 9 Awst.","lleoliad",NA,NA,"Dyna lleoliad Darren pan dynnodd o'r lluniau yma wrth iddi fachlud ar 9 Awst.",NA,NA
"2749","Ganol fis Mawrth ymddangosodd baner y Ddraig Goch yn y gysgodfa ar gopa Moel Eilio.","cysgodfa","nghysgodfa","chysgodfa","Ganol fis Mawrth ymddangosodd baner y Ddraig Goch yn y cysgodfa ar gopa Moel Eilio.","Ganol fis Mawrth ymddangosodd baner y Ddraig Goch yn y nghysgodfa ar gopa Moel Eilio.","Ganol fis Mawrth ymddangosodd baner y Ddraig Goch yn y chysgodfa ar gopa Moel Eilio."
"2770","Fe wnaeth Cymdeithas yr Iaith gynnal piced y tu allan i Swyddfa Bost Aberystwyth ddoe (dydd Sadwrn, Hydref 14), yn dilyn cwynion gan aelodau a chefnogwyr am ddiffyg gwasanaethau Cymraeg yno.","Post","Mhost","Phost","Fe wnaeth Cymdeithas yr Iaith gynnal piced y tu allan i Swyddfa Post Aberystwyth ddoe (dydd Sadwrn, Hydref 14), yn dilyn cwynion gan aelodau a chefnogwyr am ddiffyg gwasanaethau Cymraeg yno.","Fe wnaeth Cymdeithas yr Iaith gynnal piced y tu allan i Swyddfa Mhost Aberystwyth ddoe (dydd Sadwrn, Hydref 14), yn dilyn cwynion gan aelodau a chefnogwyr am ddiffyg gwasanaethau Cymraeg yno.","Fe wnaeth Cymdeithas yr Iaith gynnal piced y tu allan i Swyddfa Phost Aberystwyth ddoe (dydd Sadwrn, Hydref 14), yn dilyn cwynion gan aelodau a chefnogwyr am ddiffyg gwasanaethau Cymraeg yno."
"2833","Mae na sioe ddawnsio pwysig ar fin cael ei chynnal yn Stiwdio Stepio.","dawnsio","nawnsio",NA,"Mae na sioe dawnsio pwysig ar fin cael ei chynnal yn Stiwdio Stepio.","Mae na sioe nawnsio pwysig ar fin cael ei chynnal yn Stiwdio Stepio.",NA
"2835","Na allaf fi.","gallaf","ngallaf",NA,"Na gallaf fi.","Na ngallaf fi.",NA
"2837","Adawes i'm sgidiau fi rywle fan hyn, dw i'n siŵr.","rhywle",NA,NA,"Adawes i'm sgidiau fi rhywle fan hyn, dw i'n siŵr.",NA,NA
"2856","Yr ail broblem yw effaith cludo disgyblion sy'n dod o du allan i'r dalgylch, yn enwedig os dônt o Loegr.","tu","nhu","thu","Yr ail broblem yw effaith cludo disgyblion sy'n dod o tu allan i'r dalgylch, yn enwedig os dônt o Loegr.","Yr ail broblem yw effaith cludo disgyblion sy'n dod o nhu allan i'r dalgylch, yn enwedig os dônt o Loegr.","Yr ail broblem yw effaith cludo disgyblion sy'n dod o thu allan i'r dalgylch, yn enwedig os dônt o Loegr."
"2925","Ar wahân i'r pafiliwn mawr, bydd hefyd y Babell Len, y Babell Ddawns, Pabell y Cymdeithasau, y Lle Celf; a bydd nifer o stondinau gan gymdeithasau gwirfoddol, megis yr Urdd, Merched Wawr; bydd y pleidiau gwleidyddol ar y maes hefyd a busnesau.","Pabell","Mhabell","Phabell","Ar wahân i'r pafiliwn mawr, bydd hefyd y Babell Len, y Pabell Ddawns, Pabell y Cymdeithasau, y Lle Celf; a bydd nifer o stondinau gan gymdeithasau gwirfoddol, megis yr Urdd, Merched Wawr; bydd y pleidiau gwleidyddol ar y maes hefyd a busnesau.","Ar wahân i'r pafiliwn mawr, bydd hefyd y Babell Len, y Mhabell Ddawns, Pabell y Cymdeithasau, y Lle Celf; a bydd nifer o stondinau gan gymdeithasau gwirfoddol, megis yr Urdd, Merched Wawr; bydd y pleidiau gwleidyddol ar y maes hefyd a busnesau.","Ar wahân i'r pafiliwn mawr, bydd hefyd y Babell Len, y Phabell Ddawns, Pabell y Cymdeithasau, y Lle Celf; a bydd nifer o stondinau gan gymdeithasau gwirfoddol, megis yr Urdd, Merched Wawr; bydd y pleidiau gwleidyddol ar y maes hefyd a busnesau."
"2984","Ar wahân i'r pafiliwn mawr, bydd hefyd y Babell Len, y Babell Ddawns, Pabell y Cymdeithasau, y Lle Celf; a bydd nifer o stondinau gan gymdeithasau gwirfoddol, megis yr Urdd, Merched Wawr; bydd y pleidiau gwleidyddol ar y maes hefyd a busnesau.","Pabell","Mhabell","Phabell","Ar wahân i'r pafiliwn mawr, bydd hefyd y Babell Len, y Pabell Ddawns, Pabell y Cymdeithasau, y Lle Celf; a bydd nifer o stondinau gan gymdeithasau gwirfoddol, megis yr Urdd, Merched Wawr; bydd y pleidiau gwleidyddol ar y maes hefyd a busnesau.","Ar wahân i'r pafiliwn mawr, bydd hefyd y Babell Len, y Mhabell Ddawns, Pabell y Cymdeithasau, y Lle Celf; a bydd nifer o stondinau gan gymdeithasau gwirfoddol, megis yr Urdd, Merched Wawr; bydd y pleidiau gwleidyddol ar y maes hefyd a busnesau.","Ar wahân i'r pafiliwn mawr, bydd hefyd y Babell Len, y Phabell Ddawns, Pabell y Cymdeithasau, y Lle Celf; a bydd nifer o stondinau gan gymdeithasau gwirfoddol, megis yr Urdd, Merched Wawr; bydd y pleidiau gwleidyddol ar y maes hefyd a busnesau."
"3023","Fe ddechreuodd y ffrae ar Sul cyntaf y brifwyl yng Nghaerdydd, pan ddefnyddiodd y newyddiadurwr o Gaerdydd y wefan gymdeithasol Twitter i gwyno ynglŷn â'r ""tipyn o sŵn"" a oedd yn dod o gyffiniau'r Bae.","cymdeithasol","nghymdeithasol","chymdeithasol","Fe ddechreuodd y ffrae ar Sul cyntaf y brifwyl yng Nghaerdydd, pan ddefnyddiodd y newyddiadurwr o Gaerdydd y wefan cymdeithasol Twitter i gwyno ynglŷn â'r ""tipyn o sŵn"" a oedd yn dod o gyffiniau'r Bae.","Fe ddechreuodd y ffrae ar Sul cyntaf y brifwyl yng Nghaerdydd, pan ddefnyddiodd y newyddiadurwr o Gaerdydd y wefan nghymdeithasol Twitter i gwyno ynglŷn â'r ""tipyn o sŵn"" a oedd yn dod o gyffiniau'r Bae.","Fe ddechreuodd y ffrae ar Sul cyntaf y brifwyl yng Nghaerdydd, pan ddefnyddiodd y newyddiadurwr o Gaerdydd y wefan chymdeithasol Twitter i gwyno ynglŷn â'r ""tipyn o sŵn"" a oedd yn dod o gyffiniau'r Bae."
"3033","Ni ddylai fod yn waith caled.","gwaith","ngwaith",NA,"Ni ddylai fod yn gwaith caled.","Ni ddylai fod yn ngwaith caled.",NA
"3065","Rydym wedi gweld yn ddiweddar na allwn gymryd ein unig sianel deledu Gymraeg yn ganiataol, ein sianel ni, ein cyfrwng ni i fynegi'n hunain.","teledu","nheledu","theledu","Rydym wedi gweld yn ddiweddar na allwn gymryd ein unig sianel teledu Gymraeg yn ganiataol, ein sianel ni, ein cyfrwng ni i fynegi'n hunain.","Rydym wedi gweld yn ddiweddar na allwn gymryd ein unig sianel nheledu Gymraeg yn ganiataol, ein sianel ni, ein cyfrwng ni i fynegi'n hunain.","Rydym wedi gweld yn ddiweddar na allwn gymryd ein unig sianel theledu Gymraeg yn ganiataol, ein sianel ni, ein cyfrwng ni i fynegi'n hunain."
"3070","Ar 6 Tachwedd 1961, sefydlwyd Cyngor Llyfrau Cymru, ac yn 2011 dathlwyd 50 mlynedd o wasanaethu'r fasnach lyfrau a chyfrannu'n sylweddol at ddatblygiad y diwydiant cyhoeddi yng Nghymru.","llyfrau",NA,NA,"Ar 6 Tachwedd 1961, sefydlwyd Cyngor Llyfrau Cymru, ac yn 2011 dathlwyd 50 mlynedd o wasanaethu'r fasnach llyfrau a chyfrannu'n sylweddol at ddatblygiad y diwydiant cyhoeddi yng Nghymru.",NA,NA
"3122","Wedi ennill gradd ddosbarth cyntaf, dychwelodd i Gymru i ddilyn gyrfa fel awdures a chantores.","cantores","gantores","nghantores","Wedi ennill gradd ddosbarth cyntaf, dychwelodd i Gymru i ddilyn gyrfa fel awdures a cantores.","Wedi ennill gradd ddosbarth cyntaf, dychwelodd i Gymru i ddilyn gyrfa fel awdures a gantores.","Wedi ennill gradd ddosbarth cyntaf, dychwelodd i Gymru i ddilyn gyrfa fel awdures a nghantores."
"3132","Dwi'n wallgo!","gwallgo","ngwallgo",NA,"Dwi'n gwallgo!","Dwi'n ngwallgo!",NA
"3177","Wrth groesawu'r cyhoeddiad, dywedodd Tamsin Davies ar ran Cymdeithas yr Iaith fod yr arian yn ""gam tuag at gyrraedd y filiwn o siaradwyr Cymraeg"".","miliwn",NA,NA,"Wrth groesawu'r cyhoeddiad, dywedodd Tamsin Davies ar ran Cymdeithas yr Iaith fod yr arian yn ""gam tuag at gyrraedd y miliwn o siaradwyr Cymraeg"".",NA,NA
"3258","Rhag ofn lleihau ei dylanwad yn ei thiriogaethau pell.","tiriogaethau","diriogaethau","nhiriogaethau","Rhag ofn lleihau ei dylanwad yn ei tiriogaethau pell.","Rhag ofn lleihau ei dylanwad yn ei diriogaethau pell.","Rhag ofn lleihau ei dylanwad yn ei nhiriogaethau pell."
"3259","Hoffwn i hefyd eich atgoffa - dwi'n ymddiheuro os ydw i wedi bombardio pawb efo hwn dros y dyddiau diwethaf! - am reid Y Ddwy Olwyn, y gyntaf o'i bath erioed, fydd yn cychwyn o'r maes am 5 yr hwyr ddydd Llun.","cyntaf","nghyntaf","chyntaf","Hoffwn i hefyd eich atgoffa - dwi'n ymddiheuro os ydw i wedi bombardio pawb efo hwn dros y dyddiau diwethaf! - am reid Y Ddwy Olwyn, y cyntaf o'i bath erioed, fydd yn cychwyn o'r maes am 5 yr hwyr ddydd Llun.","Hoffwn i hefyd eich atgoffa - dwi'n ymddiheuro os ydw i wedi bombardio pawb efo hwn dros y dyddiau diwethaf! - am reid Y Ddwy Olwyn, y nghyntaf o'i bath erioed, fydd yn cychwyn o'r maes am 5 yr hwyr ddydd Llun.","Hoffwn i hefyd eich atgoffa - dwi'n ymddiheuro os ydw i wedi bombardio pawb efo hwn dros y dyddiau diwethaf! - am reid Y Ddwy Olwyn, y chyntaf o'i bath erioed, fydd yn cychwyn o'r maes am 5 yr hwyr ddydd Llun."
"3304","Bob tro dyma law anweledig yn cydio ynddi cyn iddi gwympo.","llaw",NA,NA,"Bob tro dyma llaw anweledig yn cydio ynddi cyn iddi gwympo.",NA,NA
"3310","Roedd yn hanu'n wreiddiol o Lanberis yng Ngwynedd, ond bu'n byw am flynyddoedd lawer yng Ngwaelod-y-garth ger Caerdydd.","Llanberis",NA,NA,"Roedd yn hanu'n wreiddiol o Llanberis yng Ngwynedd, ond bu'n byw am flynyddoedd lawer yng Ngwaelod-y-garth ger Caerdydd.",NA,NA
